benchmark,sae,seed,true_l0,sae_l0,dead_latents,shrinkage,explained_variance,mcc,uniqueness,precision,recall,f1_score,accuracy,sae_type,l1_coefficient
CORRELATED_PAIRS,Standard_0,0,8.02853,13.36152,0,0.746251220850239,0.7729621206789614,0.7204514741897583,0.7916666666666666,0.666492760181427,0.7801704406738281,0.6679730415344238,0.9822502732276917,Standard,0.3
CORRELATED_PAIRS,Standard_1,0,8.02986,12.86727,0,0.6990782255594936,0.7335845449681381,0.6867755651473999,0.7299382716049383,0.7350196838378906,0.7339341640472412,0.680522620677948,0.977550745010376,Standard,0.35
CORRELATED_PAIRS,Standard_10,0,8.04624,3.88223,0,0.5355831449965365,0.4933656337490754,0.7577804923057556,0.7623456790123457,0.9630590081214905,0.5509983897209167,0.6790931224822998,0.9894066452980042,Standard,0.88
CORRELATED_PAIRS,Standard_11,0,8.02154,3.13422,0,0.917556807909037,0.4542982285419016,0.7872299551963806,0.8564814814814815,0.9489496350288391,0.5815680027008057,0.7061451077461243,0.9937850832939148,Standard,0.96
CORRELATED_PAIRS,Standard_12,0,8.02384,2.4986,0,0.9458960338830781,0.37655880508415684,0.7821827530860901,0.8580246913580247,0.9516040086746216,0.5466000437736511,0.6792518496513367,0.9955005645751953,Standard,1.05
CORRELATED_PAIRS,Standard_13,0,8.02416,2.26549,1,0.8459942662737933,0.3621378659662905,0.7917134761810303,0.9104938271604939,0.9471635222434998,0.5466092228889465,0.6816353797912598,0.9952676296234131,Standard,1.15
CORRELATED_PAIRS,Standard_14,0,8.00961,1.98239,5,1.7784054672277685,0.313204667114649,0.7899810671806335,0.9243827160493827,0.9486420154571533,0.49377545714378357,0.6379649043083191,0.9954935908317566,Standard,1.3
CORRELATED_PAIRS,Standard_15,0,8.03394,1.31304,48,0.39842698582878033,0.2120209777042904,0.7306145429611206,0.8564814814814815,0.8870589733123779,0.3698904812335968,0.5079895257949829,0.9948873519897461,Standard,1.5
CORRELATED_PAIRS,Standard_2,0,8.02961,11.46542,0,0.7130936003133065,0.699184468026262,0.6655998229980469,0.6805555555555556,0.7877588272094727,0.6881077289581299,0.6787803173065186,0.9751806259155273,Standard,0.4
CORRELATED_PAIRS,Standard_3,0,8.02149,10.73733,0,0.6838102409638555,0.6559566757343915,0.6210795044898987,0.6018518518518519,0.835034191608429,0.6278283596038818,0.6551194787025452,0.9710960984230042,Standard,0.45
CORRELATED_PAIRS,Standard_4,0,8.00883,10.11019,0,0.6541666405072828,0.6246856310400026,0.5938206315040588,0.5509259259259259,0.8758348226547241,0.5825663208961487,0.6403806805610657,0.968706488609314,Standard,0.5
CORRELATED_PAIRS,Standard_5,0,8.04799,9.3819,0,0.9634634331542749,0.5760165001677561,0.564956545829773,0.48919753086419754,0.8992654085159302,0.5249646902084351,0.6037424206733704,0.9666177034378052,Standard,0.55
CORRELATED_PAIRS,Standard_6,0,8.03313,8.58622,0,0.9293193290382146,0.54745524785007,0.562395453453064,0.4583333333333333,0.9216480255126953,0.48630815744400024,0.5831315517425537,0.9664087891578674,Standard,0.6
CORRELATED_PAIRS,Standard_7,0,8.02581,7.82374,0,0.5857217503289408,0.5247293249864099,0.5749097466468811,0.46296296296296297,0.9362838864326477,0.4706915318965912,0.5775094032287598,0.9672733545303345,Standard,0.65
CORRELATED_PAIRS,Standard_8,0,8.01594,6.47146,0,0.5025852242778832,0.5126332741192114,0.6223949790000916,0.5185185185185185,0.9435766935348511,0.4786985516548157,0.595034658908844,0.9734365344047546,Standard,0.72
CORRELATED_PAIRS,Standard_9,0,8.04538,4.98699,0,0.4873479416291706,0.4936773638405636,0.6625675559043884,0.5864197530864198,0.9534294009208679,0.481454074382782,0.6039557456970215,0.9796658754348755,Standard,0.8
DAG_RANDOM_WALK,Standard_0,0,8.06293,16.58113,0,0.7054509375,0.8029401400752914,0.9137517809867859,0.9830246913580247,0.27343180775642395,0.8087977766990662,0.37292924523353577,0.978726863861084,Standard,0.15
DAG_RANDOM_WALK,Standard_1,0,8.0518,13.81826,0,0.693978359375,0.7902713972879551,0.9203921556472778,0.9783950617283951,0.31601279973983765,0.8011578321456909,0.41804593801498413,0.9829446077346802,Standard,0.17
DAG_RANDOM_WALK,Standard_10,0,8.05079,6.36964,0,0.526813828125,0.6438938355345698,0.7981646656990051,0.8024691358024691,0.7033618688583374,0.6323067545890808,0.6377241015434265,0.9897174835205078,Standard,0.42
DAG_RANDOM_WALK,Standard_11,0,8.05584,5.50893,0,0.49149375,0.6117487351388128,0.7683842182159424,0.7623456790123457,0.7408004403114319,0.5780499577522278,0.6216872930526733,0.9897131323814392,Standard,0.48
DAG_RANDOM_WALK,Standard_12,0,8.0553,4.67805,0,0.4569809375,0.5815433726279535,0.747270405292511,0.7376543209876543,0.7777140140533447,0.5324181318283081,0.6045861840248108,0.9895931482315063,Standard,0.55
DAG_RANDOM_WALK,Standard_13,0,8.06782,3.8443,0,0.410267265625,0.5400828862579707,0.7257432341575623,0.7067901234567902,0.8250237107276917,0.47298526763916016,0.5743207931518555,0.9892285466194153,Standard,0.65
DAG_RANDOM_WALK,Standard_14,0,8.0674,2.81772,0,0.352173203125,0.48531846965568737,0.7069743275642395,0.6728395061728395,0.8704814910888672,0.39345479011535645,0.515155553817749,0.9895080924034119,Standard,0.8
DAG_RANDOM_WALK,Standard_15,0,8.06353,2.08054,0,0.293976953125,0.436608139985433,0.7593358159065247,0.7608024691358025,0.9109014868736267,0.38143301010131836,0.5174391269683838,0.992212176322937,Standard,1.0
DAG_RANDOM_WALK,Standard_2,0,8.05742,11.74735,0,0.6796953125,0.7773629833095511,0.9243927001953125,0.9830246913580247,0.3627428710460663,0.7964358925819397,0.4630320072174072,0.986140787601471,Standard,0.19
DAG_RANDOM_WALK,Standard_3,0,8.0517,10.62092,0,0.66667140625,0.7664303704430809,0.9205776453018188,0.970679012345679,0.4013991057872772,0.7820718288421631,0.495710551738739,0.9874074459075928,Standard,0.21
DAG_RANDOM_WALK,Standard_4,0,8.06989,9.82552,0,0.650042578125,0.7523579920919239,0.9069204330444336,0.9521604938271605,0.44268563389778137,0.7639382481575012,0.5234489440917969,0.9880242943763733,Standard,0.23
DAG_RANDOM_WALK,Standard_5,0,8.05834,9.0939,0,0.637003046875,0.7417648236713392,0.9029718041419983,0.941358024691358,0.47786226868629456,0.7550281286239624,0.5490791201591492,0.988592267036438,Standard,0.25
DAG_RANDOM_WALK,Standard_6,0,8.06511,8.46071,0,0.6241711328125,0.7301435688168261,0.8945657014846802,0.9259259259259259,0.5191131830215454,0.7369579076766968,0.5734370946884155,0.9889078736305237,Standard,0.27
DAG_RANDOM_WALK,Standard_7,0,8.06308,7.8065,0,0.600416015625,0.70967285896272,0.8714467883110046,0.8981481481481481,0.5676013231277466,0.7119815945625305,0.5937566161155701,0.9890850782394409,Standard,0.3
DAG_RANDOM_WALK,Standard_8,0,8.05546,7.46426,0,0.58124953125,0.6903710218626967,0.8464368581771851,0.8595679012345679,0.6079921722412109,0.6907969117164612,0.6119977235794067,0.9892178773880005,Standard,0.33
DAG_RANDOM_WALK,Standard_9,0,8.07304,6.7002,0,0.556946171875,0.6702820845700772,0.830335259437561,0.8410493827160493,0.6549134254455566,0.6604551672935486,0.6245808601379395,0.9893384575843811,Standard,0.37
HIERARCHICAL_PAIRS,Standard_0,0,8.0158,14.32864,0,0.9715600429774971,0.7638160124301001,0.6684125065803528,0.6805555555555556,0.725250780582428,0.7185158729553223,0.6654173731803894,0.9739912152290344,Standard,0.3
HIERARCHICAL_PAIRS,Standard_1,0,8.00784,13.12342,0,0.7054321723040151,0.7234373971359098,0.6339439153671265,0.6126543209876543,0.7888473272323608,0.6622522473335266,0.6652665138244629,0.9702773690223694,Standard,0.35
HIERARCHICAL_PAIRS,Standard_10,0,8.03262,3.97144,0,0.5266126766972984,0.510800077047643,0.7012852430343628,0.5725308641975309,0.963070273399353,0.43554210662841797,0.5721679329872131,0.9825971722602844,Standard,0.88
HIERARCHICAL_PAIRS,Standard_11,0,8.00633,2.864,0,0.49546686845303256,0.4817277254992116,0.7567346692085266,0.6867283950617284,0.9612889885902405,0.4625726342201233,0.6022443771362305,0.9909124374389648,Standard,0.96
HIERARCHICAL_PAIRS,Standard_12,0,8.01144,2.4428,0,0.46723992377803886,0.4367046042027223,0.7710151672363281,0.7345679012345679,0.9619528651237488,0.47123661637306213,0.6166945099830627,0.9929943084716797,Standard,1.05
HIERARCHICAL_PAIRS,Standard_13,0,8.00571,2.13876,1,0.9743308167682835,0.39841542961392273,0.7681230902671814,0.7700617283950617,0.9699468016624451,0.4547475278377533,0.6053682565689087,0.993698000907898,Standard,1.15
HIERARCHICAL_PAIRS,Standard_14,0,7.99535,1.83378,7,0.43747496270306113,0.34744219357507244,0.7478694319725037,0.7746913580246914,0.9518398642539978,0.3954147398471832,0.5467002391815186,0.9919558167457581,Standard,1.3
HIERARCHICAL_PAIRS,Standard_15,0,8.01585,1.32068,39,0.37324759900343574,0.2593393011448931,0.7177752256393433,0.7469135802469136,0.9107323288917542,0.3039555847644806,0.4462936818599701,0.992263913154602,Standard,1.5
HIERARCHICAL_PAIRS,Standard_2,0,8.00524,12.40774,0,0.6795815111515018,0.6866331335398623,0.5986133217811584,0.5617283950617284,0.8414645791053772,0.6130039691925049,0.6565797328948975,0.9667927026748657,Standard,0.4
HIERARCHICAL_PAIRS,Standard_3,0,8.00516,11.80342,0,0.6485441050729732,0.6576908649647928,0.5771828889846802,0.5262345679012346,0.877338171005249,0.5781536102294922,0.6474996209144592,0.9656622409820557,Standard,0.45
HIERARCHICAL_PAIRS,Standard_4,0,7.99365,10.33163,0,1.0499175979407334,0.6257666470352363,0.5617259740829468,0.5,0.90565425157547,0.5353316068649292,0.6211963891983032,0.9641543030738831,Standard,0.5
HIERARCHICAL_PAIRS,Standard_5,0,8.03152,9.89652,0,1.4623121980858265,0.5906803947109005,0.5338795781135559,0.44598765432098764,0.9227704405784607,0.4927147626876831,0.5919364094734192,0.9621995687484741,Standard,0.55
HIERARCHICAL_PAIRS,Standard_6,0,8.01278,8.94176,0,2.345486616600235,0.5600394168397582,0.5325824618339539,0.42592592592592593,0.9373072981834412,0.45902934670448303,0.5669500827789307,0.9623095393180847,Standard,0.6
HIERARCHICAL_PAIRS,Standard_7,0,8.01373,7.58905,0,1.0059993281932795,0.5459064596562446,0.5577337145805359,0.43364197530864196,0.9414765238761902,0.4367038607597351,0.5511807203292847,0.9662497043609619,Standard,0.65
HIERARCHICAL_PAIRS,Standard_8,0,8.00013,6.24551,0,1.0096090314589483,0.5345436076929976,0.5909528136253357,0.45987654320987653,0.9546881914138794,0.41736385226249695,0.5393231511116028,0.968770444393158,Standard,0.72
HIERARCHICAL_PAIRS,Standard_9,0,8.02557,5.08966,0,0.5217156227393296,0.5261688348088565,0.6502638459205627,0.5108024691358025,0.9577531218528748,0.41661468148231506,0.5469956994056702,0.975197970867157,Standard,0.8
POWER_LAW_DIGRAPH,Standard_0,0,8.00091,14.3169,0,0.6677649920056216,0.7174195642602604,0.9297372102737427,1.0,0.3166755437850952,0.8625991940498352,0.45696184039115906,0.9837254881858826,Standard,0.22
POWER_LAW_DIGRAPH,Standard_1,0,7.95076,12.36991,0,0.6519035104485219,0.7079350392421684,0.930990993976593,1.0,0.3590911626815796,0.856579601764679,0.4993145763874054,0.9865802526473999,Standard,0.24
POWER_LAW_DIGRAPH,Standard_10,0,7.94614,4.76759,0,0.5059112680389519,0.5909830091563877,0.9526561498641968,0.9953703703703703,0.8109978437423706,0.7769757509231567,0.7887310981750488,0.9969053864479065,Standard,0.56
POWER_LAW_DIGRAPH,Standard_11,0,7.96678,4.34242,0,0.4729015792743792,0.5625479914862392,0.9518381953239441,0.9969135802469136,0.8563493490219116,0.7602599263191223,0.8013005256652832,0.9972177147865295,Standard,0.63
POWER_LAW_DIGRAPH,Standard_12,0,7.96984,3.92186,0,0.4316223774464855,0.5337628700756776,0.949921727180481,0.9922839506172839,0.9124671816825867,0.7320811152458191,0.8091516494750977,0.9974379539489746,Standard,0.72
POWER_LAW_DIGRAPH,Standard_13,0,7.96275,3.50557,0,0.39502956214415935,0.48800891076196296,0.9445750117301941,0.9891975308641975,0.9440562129020691,0.6983902454376221,0.7989010214805603,0.9974204897880554,Standard,0.82
POWER_LAW_DIGRAPH,Standard_14,0,7.94617,3.11992,0,0.33703678604737686,0.43779910960945223,0.9363763332366943,0.9876543209876543,0.9655652642250061,0.6479716897010803,0.7723759412765503,0.9972174167633057,Standard,0.95
POWER_LAW_DIGRAPH,Standard_15,0,7.9293,2.66408,0,0.28046343299168636,0.37212833722463523,0.9114787578582764,0.970679012345679,0.9728775024414062,0.5765084624290466,0.7197827100753784,0.9968175292015076,Standard,1.1
POWER_LAW_DIGRAPH,Standard_2,0,7.9785,11.18575,0,0.6460321908930717,0.6995049110589306,0.933743417263031,1.0,0.39509761333465576,0.850274920463562,0.5330487489700317,0.9883313775062561,Standard,0.26
POWER_LAW_DIGRAPH,Standard_3,0,7.97173,10.05036,0,0.6333662457106782,0.6934181430350772,0.9343889355659485,1.0,0.4353255331516266,0.8453267216682434,0.5675778985023499,0.9899854063987732,Standard,0.28
POWER_LAW_DIGRAPH,Standard_4,0,7.96434,9.16206,0,0.6332642128799609,0.6853942238732269,0.9353554844856262,1.0,0.472598135471344,0.8393975496292114,0.5973854064941406,0.9912500381469727,Standard,0.3
POWER_LAW_DIGRAPH,Standard_5,0,7.97451,8.23162,0,0.6102191248307216,0.675673401054363,0.9367385506629944,1.0,0.5214698910713196,0.8314333558082581,0.6337844729423523,0.9925707578659058,Standard,0.33
POWER_LAW_DIGRAPH,Standard_6,0,7.95073,7.41178,0,0.6001983887101536,0.663852278891689,0.9433582425117493,1.0,0.5710592865943909,0.825337827205658,0.6686382293701172,0.9937170743942261,Standard,0.36
POWER_LAW_DIGRAPH,Standard_7,0,7.96427,6.61,0,0.5793200664194613,0.6530329698699464,0.9454644322395325,1.0,0.6334220767021179,0.8155238628387451,0.7067092061042786,0.9948094487190247,Standard,0.4
POWER_LAW_DIGRAPH,Standard_8,0,7.94693,5.89114,0,0.5536666821613416,0.6351640458253719,0.9448203444480896,1.0,0.6908061504364014,0.8034765124320984,0.7366119623184204,0.9956654906272888,Standard,0.45
POWER_LAW_DIGRAPH,Standard_9,0,7.96405,5.30619,0,0.5282733622841425,0.6144426202556217,0.9526879787445068,1.0,0.7529163360595703,0.7939562201499939,0.7673189043998718,0.996385931968689,Standard,0.5
SIMPLICIAL_COMPLEX,Standard_0,0,8.0,15.08809,0,0.8348109375,0.8350221250626073,0.7831655740737915,0.9969135802469136,0.31247469782829285,0.8645154237747192,0.44545745849609375,0.9825847148895264,Standard,0.045
SIMPLICIAL_COMPLEX,Standard_1,0,8.0,11.13234,0,0.81638125,0.8203361987364222,0.794049859046936,0.9891975308641975,0.4118865132331848,0.8415910005569458,0.5387014150619507,0.9884060621261597,Standard,0.055
SIMPLICIAL_COMPLEX,Standard_10,0,8.0,3.09103,0,0.6794403125,0.6990675955114716,0.477398544549942,0.8364197530864198,0.4774664342403412,0.3400750160217285,0.3854689300060272,0.9925702214241028,Standard,0.16
SIMPLICIAL_COMPLEX,Standard_11,0,8.0,2.64627,0,0.657135625,0.6813050980020401,0.47625431418418884,0.8487654320987654,0.5202889442443848,0.32618045806884766,0.38758134841918945,0.9929534792900085,Standard,0.18
SIMPLICIAL_COMPLEX,Standard_12,0,8.0,2.326,0,0.637703671875,0.6663172137095934,0.4747723340988159,0.8503086419753086,0.565488338470459,0.30913954973220825,0.38680633902549744,0.9931795001029968,Standard,0.2
SIMPLICIAL_COMPLEX,Standard_13,0,8.0,2.07884,0,0.61549640625,0.6501303875294622,0.4803108870983124,0.8256172839506173,0.6187904477119446,0.3004318177700043,0.3915102481842041,0.9934116005897522,Standard,0.22
SIMPLICIAL_COMPLEX,Standard_14,0,8.0,1.77872,0,0.5839862890625,0.6265289219252476,0.4815659821033478,0.8410493827160493,0.6848872900009155,0.29014429450035095,0.3939497172832489,0.9936656951904297,Standard,0.25
SIMPLICIAL_COMPLEX,Standard_15,0,8.0,1.54424,3,0.545308125,0.5971983412523258,0.4849312901496887,0.8379629629629629,0.747338593006134,0.2805871367454529,0.3946424126625061,0.9939219355583191,Standard,0.285
SIMPLICIAL_COMPLEX,Standard_2,0,8.0,8.87516,0,0.79998765625,0.8072527217901081,0.7662491798400879,0.9876543209876543,0.4870390295982361,0.7961857318878174,0.5871562361717224,0.9911319017410278,Standard,0.065
SIMPLICIAL_COMPLEX,Standard_3,0,8.0,7.48206,0,0.78409984375,0.7957321008925351,0.7430232763290405,0.9891975308641975,0.5387893915176392,0.7520627975463867,0.6096641421318054,0.9925704002380371,Standard,0.075
SIMPLICIAL_COMPLEX,Standard_4,0,8.0,6.54692,0,0.76877671875,0.7851904275232706,0.7366544604301453,0.9830246913580247,0.588671863079071,0.7210198044776917,0.6313162446022034,0.9935609698295593,Standard,0.085
SIMPLICIAL_COMPLEX,Standard_5,0,8.0,5.88811,0,0.75346328125,0.7728403619708004,0.7141759991645813,0.9737654320987654,0.604407548904419,0.6755329370498657,0.6227588057518005,0.9938667416572571,Standard,0.095
SIMPLICIAL_COMPLEX,Standard_6,0,8.0,5.3717,0,0.7394453125,0.7620511115056621,0.6864039897918701,0.9583333333333334,0.6066332459449768,0.6281036734580994,0.6029964685440063,0.9938656687736511,Standard,0.105
SIMPLICIAL_COMPLEX,Standard_7,0,8.0,4.91154,0,0.72621890625,0.7494546498548853,0.6456872224807739,0.933641975308642,0.5858920216560364,0.5670089721679688,0.5633935928344727,0.9936167597770691,Standard,0.115
SIMPLICIAL_COMPLEX,Standard_8,0,8.0,4.24646,0,0.70766609375,0.7309266070219286,0.5847874283790588,0.9012345679012346,0.5505803227424622,0.4777820110321045,0.5013682246208191,0.9932030439376831,Standard,0.13
SIMPLICIAL_COMPLEX,Standard_9,0,8.0,3.55497,0,0.6932846875,0.7115587276220205,0.5025647282600403,0.8533950617283951,0.4802338778972626,0.3770516812801361,0.411336213350296,0.9924842119216919,Standard,0.145
SPARSE_UNIFORM,Standard_0,0,8.02749,17.19522,0,0.6677246289109386,0.6710776831800216,0.7677061557769775,0.6820987654320988,0.6600674390792847,0.7403156757354736,0.6376873254776001,0.9784148335456848,Standard,0.3
SPARSE_UNIFORM,Standard_1,0,8.03309,14.9535,0,0.6360595627431566,0.638297055534359,0.7357038259506226,0.6435185185185185,0.7545095086097717,0.6965281367301941,0.6717686653137207,0.9784348011016846,Standard,0.35
SPARSE_UNIFORM,Standard_10,0,8.03029,3.03517,0,0.38306936365955147,0.37226173163473053,0.8332553505897522,0.7824074074074074,0.9801385998725891,0.49670347571372986,0.6447499394416809,0.9938408136367798,Standard,0.95
SPARSE_UNIFORM,Standard_11,0,8.04563,2.51841,0,0.33541688806511305,0.297446232165413,0.856151819229126,0.8179012345679012,0.9873065948486328,0.4587745666503906,0.6144459843635559,0.9937922954559326,Standard,1.1
SPARSE_UNIFORM,Standard_12,0,8.0255,1.93299,18,0.2976022030763922,0.2113857346110981,0.8330543637275696,0.7962962962962963,0.9632623195648193,0.3625244200229645,0.5143390893936157,0.9931874871253967,Standard,1.3
SPARSE_UNIFORM,Standard_13,0,8.04657,0.90389,197,0.24890314616111706,0.08600117143193298,0.6859225034713745,0.6990740740740741,0.6685425043106079,0.17009137570858002,0.2589545249938965,0.9921677112579346,Standard,1.55
SPARSE_UNIFORM,Standard_14,0,8.03301,0.0084,549,0.23061471669333866,0.0018299573293322213,0.41382449865341187,0.595679012345679,0.12840206921100616,0.002374909818172455,0.004325492307543755,0.9930731654167175,Standard,1.85
SPARSE_UNIFORM,Standard_15,0,8.02787,0.00011,641,0.22869274672566062,-3.175928270149342e-06,0.39103028178215027,0.6404320987654321,0.0069444444961845875,2.4854374714777805e-05,4.9486669013276696e-05,0.9919293522834778,Standard,2.2
SPARSE_UNIFORM,Standard_2,0,8.02703,12.81339,0,0.6084573623543531,0.6143116964209403,0.7233598828315735,0.6311728395061729,0.8186419606208801,0.6535286903381348,0.6816434860229492,0.9756456613540649,Standard,0.4
SPARSE_UNIFORM,Standard_3,0,8.02741,11.70094,0,0.5790327561031714,0.582740077609233,0.6899790167808533,0.5864197530864198,0.8730355501174927,0.6042982935905457,0.6724633574485779,0.972628653049469,Standard,0.45
SPARSE_UNIFORM,Standard_4,0,8.02384,10.63539,0,0.5521908678610722,0.5502376205404207,0.6572088003158569,0.5432098765432098,0.9122708439826965,0.5544937252998352,0.6469590663909912,0.9683462977409363,Standard,0.5
SPARSE_UNIFORM,Standard_5,0,8.03841,9.59224,0,0.5208450024505146,0.5208983205679137,0.6355077624320984,0.5123456790123457,0.9360975027084351,0.5092085003852844,0.6167248487472534,0.9654219150543213,Standard,0.55
SPARSE_UNIFORM,Standard_6,0,8.04233,8.67715,0,0.4920587281087785,0.48465259664255567,0.6078795790672302,0.46296296296296297,0.9444878697395325,0.4709112048149109,0.58658367395401,0.9653633832931519,Standard,0.6
SPARSE_UNIFORM,Standard_7,0,8.0328,7.92894,0,0.4773650031879782,0.4778575199074502,0.618521511554718,0.4799382716049383,0.9589921832084656,0.4611133933067322,0.5849242210388184,0.9653494358062744,Standard,0.65
SPARSE_UNIFORM,Standard_8,0,8.03577,5.50716,0,0.4444793698119812,0.4477822637398855,0.6628377437591553,0.5324074074074074,0.9712511897087097,0.44140464067459106,0.573045551776886,0.9729034900665283,Standard,0.75
SPARSE_UNIFORM,Standard_9,0,8.01698,3.88546,0,0.42323743092713906,0.4282104360605592,0.7870321869850159,0.7067901234567902,0.9791584014892578,0.49795928597450256,0.6387410759925842,0.9864100813865662,Standard,0.85
SPHERICAL,Standard_0,0,8.06427,17.1432,0,0.8499233029047304,0.9188885293578919,0.7961369156837463,1.0,0.23660825192928314,0.9254457354545593,0.3736949861049652,0.9788438677787781,Standard,0.035
SPHERICAL,Standard_1,0,8.05507,12.65673,0,0.8391100257223785,0.912837865852528,0.799628734588623,1.0,0.3019833266735077,0.9122082591056824,0.4507385194301605,0.985599160194397,Standard,0.045
SPHERICAL,Standard_10,0,8.06024,4.20532,0,0.7363661363226814,0.8679403619510868,0.7884769439697266,1.0,0.7674153447151184,0.7916110157966614,0.776947557926178,0.9971402883529663,Standard,0.16
SPHERICAL,Standard_11,0,8.05178,3.87176,0,0.7149022798246404,0.8567039606461464,0.7825177907943726,1.0,0.8043704628944397,0.7651638984680176,0.7815743684768677,0.9973186254501343,Standard,0.185
SPHERICAL,Standard_12,0,8.06686,3.63038,0,0.6915525623348414,0.845864440586683,0.7785574197769165,1.0,0.8317320346832275,0.7408190369606018,0.7808341979980469,0.9973962306976318,Standard,0.21
SPHERICAL,Standard_13,0,8.05546,3.39469,0,0.6683907873400997,0.8346372364363326,0.7739593386650085,1.0,0.8559266924858093,0.7143146991729736,0.7758663892745972,0.9974238276481628,Standard,0.24
SPHERICAL,Standard_14,0,8.05255,3.14278,0,0.6363615213436302,0.8170115701602334,0.7666192054748535,0.9984567901234568,0.8807086944580078,0.6808638572692871,0.7650319933891296,0.997400164604187,Standard,0.275
SPHERICAL,Standard_15,0,8.07594,2.91203,0,0.6067650454272413,0.7962275483685252,0.7636489272117615,0.9984567901234568,0.9031985402107239,0.6447797417640686,0.7485851049423218,0.9973106980323792,Standard,0.315
SPHERICAL,Standard_2,0,8.06344,10.22833,0,0.8290117283688014,0.9076783062469543,0.7984034419059753,1.0,0.3647923767566681,0.8999471664428711,0.5162408351898193,0.9891912937164307,Standard,0.055
SPHERICAL,Standard_3,0,8.07185,8.54694,0,0.8204294755990151,0.9034176441011876,0.7978726625442505,1.0,0.42920780181884766,0.8888822793960571,0.5762227177619934,0.9916607141494751,Standard,0.065
SPHERICAL,Standard_4,0,8.07018,7.54325,0,0.8099520698803624,0.8987345812110671,0.7975262403488159,1.0,0.47910723090171814,0.8779434561729431,0.6172252893447876,0.9930670261383057,Standard,0.075
SPHERICAL,Standard_5,0,8.06103,6.52967,0,0.7998669513879851,0.894703912012139,0.7963203191757202,1.0,0.543447732925415,0.8661463260650635,0.665313720703125,0.9944810271263123,Standard,0.085
SPHERICAL,Standard_6,0,8.06403,6.08602,0,0.791928342442716,0.8906280409075779,0.796968936920166,1.0,0.5757623314857483,0.8576176762580872,0.686525821685791,0.9950569272041321,Standard,0.095
SPHERICAL,Standard_7,0,8.05841,5.36599,0,0.7786422364180479,0.8853855560923432,0.795585572719574,1.0,0.6395617723464966,0.8417303562164307,0.7243810296058655,0.9959656596183777,Standard,0.11
SPHERICAL,Standard_8,0,8.06231,4.89682,0,0.765610061393761,0.8804570977619981,0.7921569347381592,1.0,0.6880175471305847,0.8265731334686279,0.7485208511352539,0.9965015649795532,Standard,0.125
SPHERICAL,Standard_9,0,8.06631,4.56215,0,0.7534921953971797,0.874989613035952,0.7894402146339417,1.0,0.7242982387542725,0.8107051253318787,0.7625816464424133,0.9968259930610657,Standard,0.14
TORUS,Standard_0,0,7.99921,15.41892,0,0.8381510234342182,0.9095867858123194,0.7976614832878113,1.0,0.2500164806842804,0.9160546064376831,0.39008983969688416,0.9813422560691833,Standard,0.04
TORUS,Standard_1,0,8.01699,12.01111,0,0.8272362196061173,0.903407951713453,0.7970351576805115,1.0,0.31091606616973877,0.9049097895622253,0.46020063757896423,0.9864696860313416,Standard,0.05
TORUS,Standard_10,0,7.99725,4.17513,0,0.7225103468540562,0.856676714110219,0.7841945886611938,0.9984567901234568,0.7579847574234009,0.7804169654846191,0.7662195563316345,0.9970200061798096,Standard,0.165
TORUS,Standard_11,0,7.99201,3.92216,0,0.7030185650125534,0.8469089267019172,0.7828783392906189,1.0,0.7894662022590637,0.7634280323982239,0.7730735540390015,0.9972019791603088,Standard,0.185
TORUS,Standard_12,0,8.00487,3.6491,0,0.6837769934385565,0.8374306703194692,0.77888423204422,1.0,0.8205565214157104,0.7383981943130493,0.7742811441421509,0.9973172545433044,Standard,0.21
TORUS,Standard_13,0,8.00883,3.404,0,0.6556962401220366,0.8224218256817184,0.7739788889884949,1.0,0.8458044528961182,0.7118536233901978,0.7700443863868713,0.9973634481430054,Standard,0.24
TORUS,Standard_14,0,7.99435,3.13798,0,0.6283741141358167,0.8063692269566582,0.7695151567459106,1.0,0.8714272975921631,0.6773561239242554,0.7589524984359741,0.9973441958427429,Standard,0.275
TORUS,Standard_15,0,8.00302,2.90945,0,0.5949597863273512,0.7858595643182431,0.7631003260612488,1.0,0.8912713527679443,0.6426489353179932,0.7432631850242615,0.9972707629203796,Standard,0.315
TORUS,Standard_2,0,7.99886,9.79431,0,0.8152228682170543,0.8975938692781961,0.7982771992683411,1.0,0.37289416790008545,0.8934540152549744,0.5236856341362,0.9897417426109314,Standard,0.06
TORUS,Standard_3,0,8.00756,8.33518,0,0.807000638948074,0.8932404312647497,0.7979822158813477,1.0,0.4317789077758789,0.8823187351226807,0.5773525238037109,0.9918636083602905,Standard,0.07
TORUS,Standard_4,0,7.9928,7.27047,0,0.7965966435937704,0.8885054195496587,0.7956140041351318,1.0,0.48694610595703125,0.8717441558837891,0.6226655840873718,0.9933735132217407,Standard,0.08
TORUS,Standard_5,0,7.99168,6.47674,0,0.7868511880351284,0.8841269011388517,0.7947030663490295,1.0,0.5382943153381348,0.859647274017334,0.6597410440444946,0.9944456219673157,Standard,0.09
TORUS,Standard_6,0,7.99501,5.93709,0,0.7791539767555835,0.8810040567172761,0.7944310307502747,1.0,0.5793047547340393,0.849576473236084,0.6865230798721313,0.9951508045196533,Standard,0.1
TORUS,Standard_7,0,8.00127,5.32408,0,0.7632782337114166,0.874053412060803,0.7922248244285583,1.0,0.6353659629821777,0.8337993621826172,0.71846604347229,0.9959059357643127,Standard,0.115
TORUS,Standard_8,0,7.98812,4.8387,0,0.7522635244118353,0.8696967815382244,0.7911688089370728,1.0,0.6842624545097351,0.8186069130897522,0.7429296970367432,0.9964632391929626,Standard,0.13
TORUS,Standard_9,0,8.00804,4.50364,0,0.7380327528606866,0.8637084720930195,0.7902700304985046,0.9984567901234568,0.7231095433235168,0.803622841835022,0.7585580348968506,0.996802031993866,Standard,0.145
