benchmark,sae,seed,true_l0,sae_l0,dead_latents,shrinkage,explained_variance,mcc,uniqueness,precision,recall,f1,accuracy,sae_type,l0_target,k,widths,max_iterations,l1_coefficient
CORRELATED_PAIRS,Standard_0,0,8.01035,1.99939,0.0,0.7943695538898097,0.2685271661498501,0.5736737847328186,0.529320987654321,0.9584832787513732,0.2536621391773224,0.3544075787067413,0.9676392078399658,Standard,2.0,,,,
CORRELATED_PAIRS,Standard_1,0,7.99583,2.99491,0.0,0.3987221423244579,0.379675348718033,0.5887359976768494,0.5540123456790124,0.9535064697265624,0.3401589691638946,0.4425178468227386,0.9674888849258424,Standard,3.0,,,,
CORRELATED_PAIRS,Standard_2,0,8.03188,4.00206,0.0,0.5199999482231438,0.4692507860715438,0.6113985180854797,0.5725308641975309,0.9425811767578124,0.4157542586326599,0.5159910917282104,0.9707225561141968,Standard,4.0,,,,
CORRELATED_PAIRS,Standard_3,0,8.01964,4.97993,0.0,0.5526368609702205,0.5463923807371012,0.6148022413253784,0.5740740740740741,0.9307646751403807,0.4740260541439056,0.5610333681106567,0.9712501764297484,Standard,5.0,,,,
CORRELATED_PAIRS,Standard_4,0,8.03361,6.00927,0.0,1.0545894495873411,0.6118917564172415,0.6357332468032837,0.6064814814814815,0.8952891230583191,0.5478057861328125,0.6139838099479675,0.9757271409034728,Standard,6.0,,,,
CORRELATED_PAIRS,Standard_5,0,8.03943,7.02324,0.0,0.6269636202930866,0.6597782740936216,0.6593948602676392,0.6481481481481481,0.852371096611023,0.605780839920044,0.6446155309677124,0.9776257872581482,Standard,7.0,,,,
CORRELATED_PAIRS,Standard_6,0,8.02974,7.9808,0.0,0.671686257405362,0.7043081507776467,0.6764967441558838,0.6898148148148148,0.7670736908912659,0.6545736789703369,0.6318528652191162,0.9787391424179076,Standard,8.0,,,,
CORRELATED_PAIRS,Standard_7,0,8.04242,9.01458,0.0,0.7913525857999457,0.7596521506424179,0.7239726781845093,0.7746913580246914,0.6650621294975281,0.7277244329452515,0.6204642057418823,0.9824666976928712,Standard,9.0,,,,
CORRELATED_PAIRS,Standard_8,0,8.039,9.9977,0.0,1.2416625813506212,0.787696916021255,0.7387360334396362,0.808641975308642,0.6115079522132874,0.7555803060531616,0.6024875640869141,0.9823662042617798,Standard,10.0,,,,
CORRELATED_PAIRS,Standard_9,0,8.03675,11.02302,0.0,0.7710674633257357,0.8075941046574462,0.7485436201095581,0.8364197530864198,0.5545341372489929,0.7840989232063293,0.5787652134895325,0.9830982685089112,Standard,11.0,,,,
DAG_RANDOM_WALK,Standard_0,0,8.05326,1.99997,0.001543209876543209,0.2921945703125,0.4313863819479754,0.7269441485404968,0.7391975308641975,0.8878800868988037,0.3575399518013,0.4865390658378601,0.9915993809700012,Standard,2.0,,,,
DAG_RANDOM_WALK,Standard_1,0,8.06926,3.00411,0.0,0.3924916015625,0.5365656092741273,0.7620794177055359,0.7592592592592593,0.8706655502319336,0.4651562869548797,0.5788843035697937,0.9910007119178772,Standard,3.0,,,,
DAG_RANDOM_WALK,Standard_2,0,8.059,3.98711,0.0,0.471059765625,0.6072268342902958,0.8098220229148865,0.8148148148148148,0.8208625912666321,0.5643285512924194,0.6392340064048767,0.9911546111106871,Standard,4.0,,,,
DAG_RANDOM_WALK,Standard_3,0,8.05843,4.99854,0.0,0.5301487890625,0.6559329092438069,0.8406481146812439,0.8518518518518519,0.726980447769165,0.6258622407913208,0.6401534080505371,0.9910667538642884,Standard,5.0,,,,
DAG_RANDOM_WALK,Standard_4,0,8.06759,6.02454,0.001543209876543209,0.57355609375,0.6902998405651924,0.8672371506690979,0.8858024691358025,0.6301711797714233,0.6688051819801331,0.6160030961036682,0.9905832409858704,Standard,6.0,,,,
DAG_RANDOM_WALK,Standard_5,0,8.07289,6.99419,0.001543209876543209,0.59594171875,0.7081143478442337,0.88095623254776,0.9074074074074074,0.5758537650108337,0.7062390446662903,0.6005486249923706,0.9906426072120668,Standard,7.0,,,,
DAG_RANDOM_WALK,Standard_6,0,8.06462,7.99112,0.0,0.626697578125,0.7346243421665355,0.9000898003578186,0.9382716049382716,0.5080711245536804,0.7355913519859314,0.5643911957740784,0.9897153973579408,Standard,8.0,,,,
DAG_RANDOM_WALK,Standard_7,0,8.04995,8.94825,0.0,0.6403523046875,0.7434507689207193,0.901022732257843,0.9382716049382716,0.4661937355995178,0.7484155297279358,0.5365384221076965,0.988787829875946,Standard,9.0,,,,
DAG_RANDOM_WALK,Standard_8,0,8.05536,9.98186,0.0,0.6587071875,0.7598474049589926,0.9115431308746338,0.9629629629629628,0.4234884679317474,0.7703697085380554,0.5071914792060852,0.9877984523773192,Standard,10.0,,,,
DAG_RANDOM_WALK,Standard_9,0,8.04982,10.87909,0.0,0.670202109375,0.7703906952297723,0.9191985726356506,0.9753086419753086,0.3899881243705749,0.7867481708526611,0.4834004044532776,0.986981987953186,Standard,11.0,,,,
HIERARCHICAL_PAIRS,Standard_0,0,7.98672,1.99966,0.0,0.4020010544960017,0.3133579389781872,0.5589148998260498,0.4614197530864197,0.9805481433868408,0.214935302734375,0.3175630569458008,0.9654213190078736,Standard,2.0,,,,
HIERARCHICAL_PAIRS,Standard_1,0,7.98088,2.99855,0.0,0.962113300090434,0.4217027864186188,0.5741937756538391,0.5046296296296297,0.978495180606842,0.300341784954071,0.4105977118015289,0.9640743136405944,Standard,3.0,,,,
HIERARCHICAL_PAIRS,Standard_2,0,8.00475,3.99049,0.0,0.5111364423627218,0.5150135948680657,0.5931074619293213,0.5262345679012346,0.9648599624633788,0.3800360560417175,0.490073025226593,0.968167245388031,Standard,4.0,,,,
HIERARCHICAL_PAIRS,Standard_3,0,8.00265,4.97206,0.0,0.5754948157231504,0.5854766753052882,0.6129474639892578,0.5601851851851852,0.9611437916755676,0.4545860886573791,0.561309278011322,0.9712134599685668,Standard,5.0,,,,
HIERARCHICAL_PAIRS,Standard_4,0,8.01329,6.00474,0.0,1.0657885488211432,0.6248494081392273,0.6093508005142212,0.5617283950617284,0.9339924454689026,0.4979880154132843,0.5902627110481262,0.9712618589401244,Standard,6.0,,,,
HIERARCHICAL_PAIRS,Standard_5,0,8.01807,7.01725,0.0,0.6443149862093566,0.6651069251109926,0.6344132423400879,0.595679012345679,0.8947726488113403,0.54795902967453,0.6218365430831909,0.9738206267356871,Standard,7.0,,,,
HIERARCHICAL_PAIRS,Standard_6,0,8.00532,7.98984,0.0,1.004151859711688,0.6988382622006419,0.6449418067932129,0.6203703703703703,0.8573123216629028,0.5912824273109436,0.6408217549324036,0.9738432168960572,Standard,8.0,,,,
HIERARCHICAL_PAIRS,Standard_7,0,8.01509,9.05406,0.0,0.9880593374220188,0.7220156855189692,0.650284469127655,0.6342592592592593,0.8037009239196777,0.6148999333381653,0.6333675384521484,0.9727310538291932,Standard,9.0,,,,
HIERARCHICAL_PAIRS,Standard_8,0,8.01836,9.95541,0.003086419753086419,0.9749628910172724,0.7461615698494378,0.671018123626709,0.6635802469135802,0.7430487871170044,0.6489559412002563,0.6252485513687134,0.9755982756614684,Standard,10.0,,,,
HIERARCHICAL_PAIRS,Standard_9,0,8.01829,11.03384,0.0,0.7764077766787504,0.8054486641517036,0.713336169719696,0.7422839506172839,0.6258001923561096,0.7054087519645691,0.5876299738883972,0.9760469794273376,Standard,11.0,,,,
POWER_LAW_DIGRAPH,Standard_0,0,7.95718,1.99836,0.0,0.185766064134299,0.2667237800088761,0.8876463174819946,0.9969135802469136,0.9915920495986938,0.4312994182109833,0.5966902375221252,0.9956529140472412,Standard,2.0,,,,
POWER_LAW_DIGRAPH,Standard_1,0,7.9599,2.99843,0.0,0.303117694879604,0.4125012710669286,0.9489631056785583,1.0,0.9889270067214966,0.6025056838989258,0.7470692992210388,0.9968205094337464,Standard,3.0,,,,
POWER_LAW_DIGRAPH,Standard_2,0,7.9591,3.99667,0.0,0.441243987078188,0.5475105959509013,0.958251178264618,0.9984567901234568,0.9192759394645692,0.7371722459793091,0.8159806132316589,0.9974700808525084,Standard,4.0,,,,
POWER_LAW_DIGRAPH,Standard_3,0,7.95178,4.97855,0.0,0.5195419995031341,0.6054944325771541,0.9548435807228088,1.0,0.7911907434463501,0.7858432531356812,0.7837628126144409,0.996752917766571,Standard,5.0,,,,
POWER_LAW_DIGRAPH,Standard_4,0,7.94965,5.98251,0.0,0.5599124581579832,0.6346955935624821,0.950316846370697,1.0,0.6822881102561951,0.8071910738945007,0.7336745858192444,0.9955785274505616,Standard,6.0,,,,
POWER_LAW_DIGRAPH,Standard_5,0,7.95472,6.97842,0.0,0.5863751427217029,0.6542593325817019,0.9439066052436828,1.0,0.5965843200683594,0.8201397657394409,0.6839811205863953,0.9942668676376344,Standard,7.0,,,,
POWER_LAW_DIGRAPH,Standard_6,0,7.94389,8.00531,0.0,0.6038743110552226,0.6701433558924605,0.9385648965835572,1.0,0.5297220349311829,0.8303026556968689,0.639324963092804,0.992845892906189,Standard,8.0,,,,
POWER_LAW_DIGRAPH,Standard_7,0,7.96641,8.96935,0.0,0.6224351745667686,0.6813313575302611,0.9364034533500672,1.0,0.480161041021347,0.8380394577980042,0.6028062701225281,0.9915108680725098,Standard,9.0,,,,
POWER_LAW_DIGRAPH,Standard_8,0,7.95625,9.96658,0.0,0.630676633090998,0.6872653331317579,0.9357503056526184,1.0,0.4348815977573395,0.8438494801521301,0.5668054223060608,0.990059733390808,Standard,10.0,,,,
POWER_LAW_DIGRAPH,Standard_9,0,7.94517,10.9539,0.0,0.6408663044419761,0.6946576712982871,0.9300991892814636,1.0,0.3976806700229645,0.848294734954834,0.533850371837616,0.9885867834091188,Standard,11.0,,,,
SPARSE_UNIFORM,Standard_0,0,8.03797,2.00591,0.004629629629629629,0.2919591643079323,0.2112601328266307,0.6715819835662842,0.5648148148148148,0.993686318397522,0.2229642271995544,0.3351097702980041,0.9661481976509094,Standard,2.0,,,,
SPARSE_UNIFORM,Standard_1,0,8.03236,3.00082,0.0,0.3595319454515903,0.3424641434308192,0.7046425938606262,0.6018518518518519,0.991865575313568,0.330762654542923,0.4529414176940918,0.9687364101409912,Standard,3.0,,,,
SPARSE_UNIFORM,Standard_2,0,8.03131,3.97687,0.0,0.425820356646364,0.4445660925584651,0.7262679934501648,0.6219135802469136,0.9837745428085328,0.4165236949920654,0.5354911088943481,0.9723916053771972,Standard,4.0,,,,
SPARSE_UNIFORM,Standard_3,0,8.03411,5.02574,0.0,0.4914484723375311,0.5222990057111652,0.7533496618270874,0.6620370370370371,0.970913827419281,0.5029414892196655,0.6170650720596313,0.9752656817436218,Standard,5.0,,,,
SPARSE_UNIFORM,Standard_4,0,8.03935,5.99669,0.0,0.5483332557159717,0.5738797490630073,0.7726655006408691,0.6790123456790124,0.9224669933319092,0.5636142492294312,0.6534428596496582,0.9784660935401917,Standard,6.0,,,,
SPARSE_UNIFORM,Standard_5,0,8.02717,7.00136,0.0,0.6043866063123837,0.615543864930824,0.7966377139091492,0.7067901234567902,0.8429552912712097,0.6167320609092712,0.6613579988479614,0.9811928868293762,Standard,7.0,,,,
SPARSE_UNIFORM,Standard_6,0,8.04164,7.9899,0.0,0.6347207141231834,0.6526060482782843,0.8202422261238098,0.7438271604938271,0.7564400434494019,0.6592969298362732,0.644761323928833,0.982240915298462,Standard,8.0,,,,
SPARSE_UNIFORM,Standard_7,0,8.0156,8.97974,0.0,0.6572956674268111,0.670325756609763,0.8304441571235657,0.75,0.6998368501663208,0.6789232492446899,0.6258375644683838,0.9826470017433168,Standard,9.0,,,,
SPARSE_UNIFORM,Standard_8,0,8.03454,10.00185,0.0,0.6752418681296698,0.6867577301009087,0.8436833024024963,0.7731481481481481,0.6321492791175842,0.7021093368530273,0.5909366607666016,0.982257068157196,Standard,10.0,,,,
SPARSE_UNIFORM,Standard_9,0,8.02708,10.95263,0.0,0.6973807514378595,0.7009125405386158,0.8517394661903381,0.7870370370370371,0.60149747133255,0.7192052006721497,0.5821148753166199,0.9820087552070618,Standard,11.0,,,,
SPHERICAL,Standard_0,0,8.0525,1.99732,0.0,0.4461604300558592,0.6853076295708969,0.7236635088920593,0.9907407407407408,0.9600664973258972,0.4758089184761047,0.6324636936187744,0.9966176152229308,Standard,2.0,,,,
SPHERICAL,Standard_1,0,8.07458,3.01272,0.0,0.6194719779051147,0.8063861668148301,0.7682087421417236,1.0,0.8963648676872253,0.6633818745613098,0.759066641330719,0.99738347530365,Standard,3.0,,,,
SPHERICAL,Standard_2,0,8.05022,3.99336,0.0,0.7192168777965745,0.858475447798059,0.7847508788108826,1.0,0.7891145348548889,0.7722931504249573,0.7766700983047485,0.9972151517868042,Standard,4.0,,,,
SPHERICAL,Standard_3,0,8.07419,5.02879,0.0,0.7649495280610968,0.8787063087269122,0.7929893136024475,1.0,0.6750831604003906,0.827437698841095,0.7395983934402466,0.9963119626045228,Standard,5.0,,,,
SPHERICAL,Standard_4,0,8.0583,5.98896,0.0,0.7856010955626959,0.8879595508242917,0.7959715127944946,1.0,0.5833140015602112,0.8533064126968384,0.6896162629127502,0.9951422214508056,Standard,6.0,,,,
SPHERICAL,Standard_5,0,8.05633,6.96537,0.0,0.800454559388795,0.8950494897590083,0.7953752279281616,1.0,0.5130095481872559,0.8697686195373535,0.6422697305679321,0.9938469529151917,Standard,7.0,,,,
SPHERICAL,Standard_6,0,8.06952,8.0508,0.0,0.8088280561784256,0.8974964752625029,0.7984102964401245,1.0,0.4513998627662658,0.8798461556434631,0.5930753350257874,0.9922958016395568,Standard,8.0,,,,
SPHERICAL,Standard_7,0,8.07054,9.02523,0.0,0.8182616542284822,0.902726966823103,0.7973977327346802,1.0,0.4097678959369659,0.8920333385467529,0.5583303570747375,0.990954577922821,Standard,9.0,,,,
SPHERICAL,Standard_8,0,8.06666,9.98141,0.0,0.8226146731025233,0.9055056820422944,0.7962712645530701,1.0,0.3727001249790191,0.8966580629348755,0.5234981775283813,0.9895366430282592,Standard,10.0,,,,
SPHERICAL,Standard_9,0,8.05666,10.97444,0.0,0.8310134438471626,0.9090720714580444,0.7966662049293518,1.0,0.3418052792549133,0.9026333689689636,0.4929050803184509,0.988069713115692,Standard,11.0,,,,
TORUS,Standard_0,0,7.99175,1.99389,0.0,0.4397351013043782,0.6756941261963678,0.727134644985199,0.984567901234568,0.9550854563713074,0.474851906299591,0.6300047636032104,0.9966081380844116,Standard,2.0,,,,
TORUS,Standard_1,0,7.99536,3.00259,0.0,0.6097516882007862,0.7951668323298479,0.7678490877151489,0.9984567901234568,0.8870143294334412,0.6581724286079407,0.7516180276870728,0.9973219633102416,Standard,3.0,,,,
TORUS,Standard_2,0,8.01722,4.00172,0.0,0.7054194749412295,0.8469296898125988,0.7844651341438293,1.0,0.7823091745376587,0.7675142884254456,0.7706589102745056,0.997135579586029,Standard,4.0,,,,
TORUS,Standard_3,0,8.01338,5.01387,0.0,0.7504808521891786,0.8672990287004598,0.7900845408439636,1.0,0.6659752726554871,0.8183611631393433,0.7303591370582581,0.99619859457016,Standard,5.0,,,,
TORUS,Standard_4,0,7.98984,5.96569,0.0,0.7721485058764691,0.8770771633700393,0.7929047346115112,1.0,0.5783253908157349,0.8467639088630676,0.683760941028595,0.9950694441795348,Standard,6.0,,,,
TORUS,Standard_5,0,7.99604,6.97197,0.0,0.7875224131980914,0.8841992614621109,0.7938467264175415,1.0,0.504127562046051,0.8618546724319458,0.6330012679100037,0.9937095046043396,Standard,7.0,,,,
TORUS,Standard_6,0,8.00039,8.03743,0.0,0.7989626676635626,0.889239652611908,0.795852780342102,1.0,0.4451172053813934,0.8744134902954102,0.5870234966278076,0.9922264814376832,Standard,8.0,,,,
TORUS,Standard_7,0,8.01539,9.03133,0.0,0.8068508665656444,0.893541058466534,0.7941837906837463,1.0,0.4005948305130005,0.8822753429412842,0.5481241941452026,0.9907909631729126,Standard,9.0,,,,
TORUS,Standard_8,0,8.02583,9.92533,0.0,0.8128127219216036,0.8971401561191938,0.7963893413543701,1.0,0.3687959015369415,0.8909847140312195,0.5189887285232544,0.9895269870758056,Standard,10.0,,,,
TORUS,Standard_9,0,7.99784,11.03423,0.0,0.8196932293281589,0.9001702556203449,0.7949373126029968,1.0,0.3345526456832886,0.8974208831787109,0.4845985174179077,0.9878770112991332,Standard,11.0,,,,
CORRELATED_PAIRS,BatchTopK_0,0,8.02959,1.99301,0.16666666666666663,0.8486369604072739,0.6072421159317887,0.7184719443321228,0.8765432098765432,0.8009775280952454,0.4166602492332458,0.541710376739502,0.9854397177696228,BatchTopK,,2.0,,,
CORRELATED_PAIRS,BatchTopK_1,0,8.03041,3.00623,0.07716049382716049,1.0393243083738497,0.7448490644129531,0.7723066210746765,0.9614197530864198,0.8633767366409302,0.5924791097640991,0.6964220404624939,0.9928101897239684,BatchTopK,,3.0,,,
CORRELATED_PAIRS,BatchTopK_2,0,8.01981,3.98398,0.001543209876543209,0.9057370117236532,0.8269928059213175,0.8392797708511353,0.992283950617284,0.9303720593452454,0.717444121837616,0.8013821840286255,0.9960310459136964,BatchTopK,,4.0,,,
CORRELATED_PAIRS,BatchTopK_3,0,8.00615,4.97645,0.0,0.9508754225560812,0.8599501586443767,0.8454776406288147,0.9907407407407408,0.8688473105430603,0.8146952986717224,0.83680659532547,0.9969620108604432,BatchTopK,,5.0,,,
CORRELATED_PAIRS,BatchTopK_4,0,8.04901,6.00897,0.0,0.9578748801648328,0.8741066055411221,0.8431462645530701,0.9876543209876544,0.749409019947052,0.8495095372200012,0.7893669605255127,0.9968774318695068,BatchTopK,,6.0,,,
CORRELATED_PAIRS,BatchTopK_5,0,8.013,6.96227,0.0,0.9250872031702024,0.8791616103909753,0.8380147814750671,0.992283950617284,0.6266360878944397,0.861227810382843,0.7137895822525024,0.9958689212799072,BatchTopK,,7.0,,,
CORRELATED_PAIRS,BatchTopK_6,0,8.04117,8.02634,0.0,0.9192577305092746,0.8825685248838493,0.8335846662521362,0.9861111111111112,0.5405716300010681,0.8709340691566467,0.6544450521469116,0.9946571588516236,BatchTopK,,8.0,,,
CORRELATED_PAIRS,BatchTopK_7,0,8.0517,9.06477,0.0,0.922192827453264,0.8858843883958376,0.8345140814781189,0.9799382716049384,0.4858968257904053,0.8723438382148743,0.6104533672332764,0.9929989576339722,BatchTopK,,9.0,,,
CORRELATED_PAIRS,BatchTopK_8,0,8.02751,10.07481,0.0,0.9408895868075788,0.8895704908601703,0.8338330984115601,0.9814814814814816,0.446789413690567,0.8786278367042542,0.57759690284729,0.9917996525764464,BatchTopK,,10.0,,,
CORRELATED_PAIRS,BatchTopK_9,0,8.04412,11.02711,0.0,0.950313130717248,0.8909916805625455,0.8296938538551331,0.9799382716049384,0.428967148065567,0.8748440146446228,0.5604900121688843,0.9902971982955932,BatchTopK,,11.0,,,
DAG_RANDOM_WALK,BatchTopK_0,0,8.06071,2.00609,0.001543209876543209,0.640523203125,0.64223603584084,0.9316584467887878,0.9969135802469136,0.98419189453125,0.4842543005943298,0.6430224180221558,0.9953301548957824,BatchTopK,,2.0,,,
DAG_RANDOM_WALK,BatchTopK_1,0,8.04908,3.00043,0.0,0.74980265625,0.7247017475896738,0.9440882205963136,0.9953703703703703,0.965949535369873,0.6327316164970398,0.7602865695953369,0.9960031509399414,BatchTopK,,3.0,,,
DAG_RANDOM_WALK,BatchTopK_2,0,8.06111,3.9962,0.0,0.799550859375,0.7632342501761208,0.9320058822631836,0.9969135802469136,0.8605688810348511,0.7069631218910217,0.7687512040138245,0.9957674741744996,BatchTopK,,4.0,,,
DAG_RANDOM_WALK,BatchTopK_3,0,8.0503,4.99396,0.0,0.816455,0.7822749239616377,0.9219045639038086,0.992283950617284,0.719494640827179,0.7396100163459778,0.7163784503936768,0.994973361492157,BatchTopK,,5.0,,,
DAG_RANDOM_WALK,BatchTopK_4,0,8.05466,5.98922,0.0,0.82695484375,0.7959793700731752,0.9164849519729614,0.992283950617284,0.6251699924468994,0.757287323474884,0.6671938300132751,0.9942260384559632,BatchTopK,,6.0,,,
DAG_RANDOM_WALK,BatchTopK_5,0,8.05544,6.9913,0.0,0.82818171875,0.8032925474203398,0.9018993973731996,0.9953703703703703,0.5371787548065186,0.7645000219345093,0.6077563166618347,0.992955446243286,BatchTopK,,7.0,,,
DAG_RANDOM_WALK,BatchTopK_6,0,8.07236,7.9915,0.0,0.832514609375,0.8103864143517514,0.8997875452041626,0.9891975308641976,0.4917150437831878,0.7706201076507568,0.5757604837417603,0.9918771386146544,BatchTopK,,8.0,,,
DAG_RANDOM_WALK,BatchTopK_7,0,8.06697,8.96549,0.0,0.8350609375,0.8170988616463926,0.8929810523986816,0.9814814814814816,0.4585173428058624,0.7695975303649902,0.5472250580787659,0.9902021884918212,BatchTopK,,9.0,,,
DAG_RANDOM_WALK,BatchTopK_8,0,8.06001,10.02025,0.0,0.8383378125,0.8235612972627547,0.8878849148750305,0.9783950617283952,0.430889755487442,0.7755503058433533,0.5266949534416199,0.9886847734451294,BatchTopK,,10.0,,,
DAG_RANDOM_WALK,BatchTopK_9,0,8.05006,10.96485,0.0,0.839351875,0.8284981300913898,0.8773470520973206,0.9660493827160492,0.4081837832927704,0.7615694999694824,0.5026585459709167,0.9863051176071168,BatchTopK,,11.0,,,
HIERARCHICAL_PAIRS,BatchTopK_0,0,8.00812,1.99946,0.1651234567901235,1.133659578047629,0.6665368952774031,0.7407435178756714,0.8780864197530864,0.8211822509765625,0.3810709118843078,0.5162449479103088,0.9828132390975952,BatchTopK,,2.0,,,
HIERARCHICAL_PAIRS,BatchTopK_1,0,8.01479,3.00876,0.12808641975308643,0.8663731501110185,0.7943809137070355,0.7764569520950317,0.9583333333333334,0.8649689555168152,0.5443388223648071,0.6646189093589783,0.9910995960235596,BatchTopK,,3.0,,,
HIERARCHICAL_PAIRS,BatchTopK_2,0,7.99983,3.98751,0.0,0.915785359818622,0.8738031169431622,0.8577208518981934,0.9691358024691358,0.9816768169403076,0.7110097408294678,0.8158121705055237,0.9956883788108826,BatchTopK,,4.0,,,
HIERARCHICAL_PAIRS,BatchTopK_3,0,7.99077,4.98255,0.0,0.9704255926967704,0.8962829794191683,0.8582310676574707,0.9783950617283952,0.8983381986618042,0.780481219291687,0.8304119110107422,0.996283233165741,BatchTopK,,5.0,,,
HIERARCHICAL_PAIRS,BatchTopK_4,0,8.02936,6.02031,0.0,0.9562214836769932,0.908633524129685,0.8563229441642761,0.976851851851852,0.7838580012321472,0.8157339096069336,0.7940482497215271,0.9958051443099976,BatchTopK,,6.0,,,
HIERARCHICAL_PAIRS,BatchTopK_5,0,7.99049,6.95774,0.0,0.980860061787311,0.9160284512479868,0.8456457853317261,0.9814814814814816,0.7005142569541931,0.8229458928108215,0.7496339678764343,0.9953958988189696,BatchTopK,,7.0,,,
HIERARCHICAL_PAIRS,BatchTopK_6,0,8.017,8.04498,0.0,0.9381842389994578,0.91944296138104,0.8397608399391174,0.9737654320987654,0.6182184219360352,0.8299463391304016,0.6988085508346558,0.9938027858734132,BatchTopK,,8.0,,,
HIERARCHICAL_PAIRS,BatchTopK_7,0,8.03385,9.04565,0.0,0.9552016997800256,0.9210053418261432,0.8361124992370605,0.9675925925925926,0.581087589263916,0.8346718549728394,0.6756156086921692,0.9924720525741576,BatchTopK,,9.0,,,
HIERARCHICAL_PAIRS,BatchTopK_8,0,8.00637,9.9753,0.0,0.9598263843541855,0.9242002691796988,0.8306503295898438,0.970679012345679,0.5589038133621216,0.8363977074623108,0.6580292582511902,0.9913190007209778,BatchTopK,,10.0,,,
HIERARCHICAL_PAIRS,BatchTopK_9,0,8.03194,10.97528,0.0,0.9642879340739924,0.9267753013266332,0.8292394876480103,0.9691358024691358,0.5383815169334412,0.8355484008789062,0.6420750021934509,0.9897589087486268,BatchTopK,,11.0,,,
POWER_LAW_DIGRAPH,BatchTopK_0,0,7.93387,1.99954,0.0,0.6226827101005261,0.5293470672001014,0.951604425907135,1.0,0.9970138669013976,0.4193303287029266,0.5886186361312866,0.9956141114234924,BatchTopK,,2.0,,,
POWER_LAW_DIGRAPH,BatchTopK_1,0,7.97634,3.004,0.0,0.7254739166709125,0.6286166117524106,0.9650757312774658,1.0,0.9871152639389038,0.6032677888870239,0.7480238676071167,0.9969019293785096,BatchTopK,,3.0,,,
POWER_LAW_DIGRAPH,BatchTopK_2,0,7.94993,3.98176,0.0,0.7649517144428825,0.6786676545279546,0.9457173347473145,1.0,0.9025702476501464,0.7162611484527588,0.795628011226654,0.9972133636474608,BatchTopK,,4.0,,,
POWER_LAW_DIGRAPH,BatchTopK_3,0,7.94303,4.98609,0.0,0.775452162687495,0.7018288371232979,0.9304684400558472,1.0,0.7866653203964233,0.767846941947937,0.7711216807365417,0.9965226054191588,BatchTopK,,5.0,,,
POWER_LAW_DIGRAPH,BatchTopK_4,0,7.95994,5.98996,0.0,0.7772666979969026,0.7113785568969131,0.919915735721588,1.0,0.6790477633476257,0.7929650545120239,0.7240651249885559,0.9953799843788148,BatchTopK,,6.0,,,
POWER_LAW_DIGRAPH,BatchTopK_5,0,7.95533,6.97175,0.0,0.7793883341231261,0.7197027905957512,0.915509819984436,1.0,0.5967404246330261,0.8099648952484131,0.679013729095459,0.9941208362579346,BatchTopK,,7.0,,,
POWER_LAW_DIGRAPH,BatchTopK_6,0,7.98995,8.0533,0.0,0.779176896355005,0.7286927461792272,0.9166197776794434,1.0,0.5344212651252747,0.8228928446769714,0.6399068832397461,0.9927285313606262,BatchTopK,,8.0,,,
POWER_LAW_DIGRAPH,BatchTopK_7,0,7.96562,8.97887,0.0,0.7804377463737853,0.7348333331165716,0.9160593152046204,1.0,0.4854640364646911,0.8316741585731506,0.6044911742210388,0.991422176361084,BatchTopK,,9.0,,,
POWER_LAW_DIGRAPH,BatchTopK_8,0,7.9368,9.93979,0.0,0.7799773481985515,0.7394163719164537,0.9143900871276855,1.0,0.4474012553691864,0.8373218178749084,0.574596643447876,0.9900173544883728,BatchTopK,,10.0,,,
POWER_LAW_DIGRAPH,BatchTopK_9,0,7.9619,11.02776,0.0,0.7803459974805314,0.7442757398259016,0.9112207889556884,1.0,0.411975622177124,0.841846227645874,0.5442997813224792,0.9884255528450012,BatchTopK,,11.0,,,
SIMPLICIAL_COMPLEX,BatchTopK_0,0,8.0,1.99492,0.0,0.849439921875,0.72165407404806,0.54405277967453,0.925925925925926,0.7828661203384399,0.3393913209438324,0.4641490578651428,0.9943406581878662,BatchTopK,,2.0,,,
SIMPLICIAL_COMPLEX,BatchTopK_1,0,8.0,2.99593,0.0,0.874775,0.765198567108729,0.7713408470153809,0.9984567901234568,0.8626598715782166,0.5095820426940918,0.6373854279518127,0.9956536889076232,BatchTopK,,3.0,,,
SIMPLICIAL_COMPLEX,BatchTopK_2,0,8.0,4.00028,0.0,0.89335015625,0.7968760313672125,0.8298140168190002,0.9969135802469136,0.8384095430374146,0.6455385088920593,0.72346431016922,0.9962441921234132,BatchTopK,,4.0,,,
SIMPLICIAL_COMPLEX,BatchTopK_3,0,8.0,5.00021,0.0,0.904458046875,0.8146026657368556,0.819298267364502,0.9969135802469136,0.7644088864326477,0.7247651815414429,0.7319059371948242,0.995954155921936,BatchTopK,,5.0,,,
SIMPLICIAL_COMPLEX,BatchTopK_4,0,8.0,5.98615,0.0,0.911958125,0.8283100112414943,0.8167922496795654,0.992283950617284,0.7036048769950867,0.7824704647064209,0.7237367630004883,0.9953436851501464,BatchTopK,,6.0,,,
SIMPLICIAL_COMPLEX,BatchTopK_5,0,8.0,6.99555,0.0,0.917092890625,0.8369706422536412,0.8031671047210693,0.9953703703703703,0.6356187462806702,0.821203351020813,0.6981785297393799,0.994395673274994,BatchTopK,,7.0,,,
SIMPLICIAL_COMPLEX,BatchTopK_6,0,8.0,7.99477,0.0,0.920769140625,0.8433837859698464,0.785675585269928,0.9830246913580248,0.5748967528343201,0.8462264537811279,0.665435254573822,0.9932202696800232,BatchTopK,,8.0,,,
SIMPLICIAL_COMPLEX,BatchTopK_7,0,8.0,9.00763,0.0,0.92277640625,0.8480424019884931,0.7601119875907898,0.984567901234568,0.5108340382575989,0.8609416484832764,0.6230319142341614,0.991844356060028,BatchTopK,,9.0,,,
SIMPLICIAL_COMPLEX,BatchTopK_8,0,8.0,10.00292,0.0,0.92524984375,0.8524157988515697,0.7497040629386902,0.970679012345679,0.4682200849056244,0.8701058030128479,0.591917872428894,0.9904711842536926,BatchTopK,,10.0,,,
SIMPLICIAL_COMPLEX,BatchTopK_9,0,8.0,11.00713,0.0,0.92685375,0.8552850640698033,0.7310681939125061,0.9691358024691358,0.4244707822799682,0.8819297552108765,0.5578707456588745,0.9890521764755248,BatchTopK,,11.0,,,
SPARSE_UNIFORM,BatchTopK_0,0,8.02865,2.00294,0.0787037037037037,0.6856092501325252,0.515359846012674,0.9387603402137756,0.9737654320987654,0.9212867617607116,0.3501787185668945,0.5044662356376648,0.9890753626823424,BatchTopK,,2.0,,,
SPARSE_UNIFORM,BatchTopK_1,0,8.03176,2.99524,0.027777777777777776,0.7855527978226516,0.6514519914222694,0.979406476020813,0.9938271604938272,0.9719340205192566,0.4980268478393554,0.657827615737915,0.9918196797370912,BatchTopK,,3.0,,,
SPARSE_UNIFORM,BatchTopK_2,0,8.02549,3.99629,0.0,0.8454576267902149,0.734344979826082,0.9983263611793518,1.0,0.9972990155220032,0.644315242767334,0.7823938727378845,0.9960705637931824,BatchTopK,,4.0,,,
SPARSE_UNIFORM,BatchTopK_3,0,8.04275,4.99485,0.0,0.8704186607955512,0.771741975421564,0.998486578464508,1.0,0.9487056732177734,0.7504631280899048,0.8374599814414978,0.9972521662712096,BatchTopK,,5.0,,,
SPARSE_UNIFORM,BatchTopK_4,0,8.0294,5.972,0.0,0.8788017020223235,0.787961536322167,0.994636058807373,0.9891975308641976,0.8221304416656494,0.7755609750747681,0.7950799465179443,0.9961697459220886,BatchTopK,,6.0,,,
SPARSE_UNIFORM,BatchTopK_5,0,8.00427,6.95259,0.0,0.8852322566287595,0.8030429129738744,0.9804279804229736,0.970679012345679,0.7062135934829712,0.7760098576545715,0.7322311997413635,0.9945324659347534,BatchTopK,,7.0,,,
SPARSE_UNIFORM,BatchTopK_6,0,8.02469,8.02364,0.0,0.8916988544302531,0.8154053536375816,0.9681499004364014,0.9567901234567902,0.6221103668212891,0.7705532312393188,0.6774246096611023,0.9929479956626892,BatchTopK,,8.0,,,
SPARSE_UNIFORM,BatchTopK_7,0,8.04002,9.02914,0.0,0.8960179909089091,0.8240324055837505,0.9548159241676332,0.949074074074074,0.569144606590271,0.7660154700279236,0.6380560398101807,0.991461217403412,BatchTopK,,9.0,,,
SPARSE_UNIFORM,BatchTopK_8,0,8.02932,10.00352,0.0,0.8976294019543127,0.8285921735678974,0.9427926540374756,0.9382716049382716,0.5269970893859863,0.7602224946022034,0.604568600654602,0.9897571206092834,BatchTopK,,10.0,,,
SPARSE_UNIFORM,BatchTopK_9,0,8.03574,10.99673,0.0,0.9009617548509702,0.8358740578294873,0.9357627630233764,0.9320987654320988,0.5065920352935791,0.7584973573684692,0.5887903571128845,0.9884148836135864,BatchTopK,,11.0,,,
SPHERICAL,BatchTopK_0,0,8.08018,1.99969,0.15432098765432098,0.8262675880560115,0.8150063992217843,0.6897332668304443,0.9027777777777778,0.8017174005508423,0.4680803120136261,0.5891116261482239,0.9965175986289978,BatchTopK,,2.0,,,
SPHERICAL,BatchTopK_1,0,8.06349,2.98704,0.0,0.8964667222172177,0.8882437729535315,0.8021281957626343,1.0,0.9120046496391296,0.6707947254180908,0.7705415487289429,0.9975131154060364,BatchTopK,,3.0,,,
SPHERICAL,BatchTopK_2,0,8.04369,3.98388,0.0,0.907204294583692,0.9054836037612504,0.7978440523147583,1.0,0.807636022567749,0.7864248752593994,0.7930590510368347,0.9974086284637452,BatchTopK,,4.0,,,
SPHERICAL,BatchTopK_3,0,8.05726,5.00882,0.0,0.906667934652038,0.912551760747526,0.7928670048713684,1.0,0.6980899572372437,0.8473055958747864,0.7607256770133972,0.9965894818305968,BatchTopK,,5.0,,,
SPHERICAL,BatchTopK_4,0,8.04026,5.9939,0.0,0.9036153595417326,0.9168299420085834,0.7876545786857605,1.0,0.6061693429946899,0.8785457015037537,0.7124450206756592,0.9954519271850586,BatchTopK,,6.0,,,
SPHERICAL,BatchTopK_5,0,8.07052,7.01873,0.0,0.902431160181738,0.9194844993189156,0.7816060185432434,0.9953703703703703,0.5308294296264648,0.8935347199440002,0.661060631275177,0.9940707087516784,BatchTopK,,7.0,,,
SPHERICAL,BatchTopK_6,0,8.05677,7.98158,0.0,0.9011663895394808,0.9211798491491286,0.7729666233062744,0.9969135802469136,0.4738538861274719,0.905515432357788,0.6171866655349731,0.992724359035492,BatchTopK,,8.0,,,
SPHERICAL,BatchTopK_7,0,8.05816,9.00124,0.0,0.9010086164186124,0.9231528923519088,0.7725016474723816,1.0,0.4267797470092773,0.9160943031311036,0.5774804353713989,0.9912885427474976,BatchTopK,,9.0,,,
SPHERICAL,BatchTopK_8,0,8.07417,9.97269,0.0,0.8991886643242539,0.9246003206558188,0.7629309296607971,0.9984567901234568,0.3891548216342926,0.9195024371147156,0.5421164035797119,0.989845097064972,BatchTopK,,10.0,,,
SPHERICAL,BatchTopK_9,0,8.06604,10.95391,0.0,0.8972536457082232,0.9256777043878516,0.7598819732666016,0.9984567901234568,0.3547607660293579,0.9240921139717102,0.5086830258369446,0.9883754253387452,BatchTopK,,11.0,,,
TORUS,BatchTopK_0,0,8.0016,1.9966,0.15432098765432098,0.8168026811971113,0.80479587643992,0.6890179514884949,0.8842592592592593,0.7965558171272278,0.4678056538105011,0.5877495408058167,0.9965227842330932,BatchTopK,,2.0,,,
TORUS,BatchTopK_1,0,7.9912,2.98831,0.0,0.8892326570189653,0.8792794323652793,0.7991946935653687,1.0,0.8982535600662231,0.6645642518997192,0.7611551880836487,0.99741929769516,BatchTopK,,3.0,,,
TORUS,BatchTopK_2,0,7.99836,3.99501,0.0,0.9004121531736982,0.8970572618613362,0.7964907288551331,1.0,0.7951023578643799,0.7791671752929688,0.7829045057296753,0.9972854256629944,BatchTopK,,4.0,,,
TORUS,BatchTopK_3,0,7.99042,5.00212,0.0,0.8999349205793507,0.9042341651416508,0.790607213973999,1.0,0.6870476007461548,0.8391910791397095,0.7506029009819031,0.99646657705307,BatchTopK,,5.0,,,
TORUS,BatchTopK_4,0,8.00159,5.99866,0.0,0.8972093637477495,0.9091489298838148,0.7846813201904297,0.9984567901234568,0.5939881801605225,0.8662989139556885,0.6996917128562927,0.9952641129493712,BatchTopK,,6.0,,,
TORUS,BatchTopK_5,0,7.99218,7.00819,0.0,0.896000484496124,0.9115043391119624,0.7809814810752869,0.9984567901234568,0.5208719968795776,0.8851923942565918,0.650886058807373,0.993934154510498,BatchTopK,,7.0,,,
TORUS,BatchTopK_6,0,8.00043,8.01007,0.0,0.8929389089895282,0.91390300521205,0.7725933790206909,0.9984567901234568,0.4627109169960022,0.8972889184951782,0.6058996319770813,0.9925379157066344,BatchTopK,,8.0,,,
TORUS,BatchTopK_7,0,8.00324,9.03449,0.0,0.8927667362708812,0.9156237024260216,0.7667641639709473,0.9969135802469136,0.4151650071144104,0.9017600417137146,0.5638766884803772,0.9910205602645874,BatchTopK,,9.0,,,
TORUS,BatchTopK_8,0,8.00048,10.02372,0.0,0.8927583671754656,0.9174218789954895,0.7676532864570618,0.9984567901234568,0.3801795244216919,0.912470519542694,0.5320817828178406,0.9896292090415956,BatchTopK,,10.0,,,
TORUS,BatchTopK_9,0,7.99951,10.98718,0.0,0.8919859007091844,0.9186897692735568,0.759488582611084,0.9984567901234568,0.3493167459964752,0.9168126583099364,0.5016450881958008,0.988193154335022,BatchTopK,,11.0,,,
CORRELATED_PAIRS,Matryoshka_0,0,8.02959,1.99642,0.1651234567901235,0.8471051961059957,0.6041675453675037,0.715825617313385,0.8765432098765432,0.80177903175354,0.4167015254497528,0.5405552983283997,0.9859404563903807,Matryoshka,,2.0,3-level,,
CORRELATED_PAIRS,Matryoshka_1,0,8.03041,3.0083,0.10802469135802469,1.0382435640344356,0.7347723788077759,0.7522552013397217,0.9444444444444444,0.8320583701133728,0.5749413967132568,0.6718490719795227,0.990297794342041,Matryoshka,,3.0,3-level,,
CORRELATED_PAIRS,Matryoshka_2,0,8.01981,3.9897,0.0,0.9071510832454688,0.8208508546457182,0.8156783580780029,0.9891975308641976,0.9202228784561156,0.7234383821487427,0.7974626421928406,0.9958860874176024,Matryoshka,,4.0,3-level,,
CORRELATED_PAIRS,Matryoshka_3,0,8.00615,4.97683,0.0,0.972907907889053,0.8482000100776272,0.8140489459037781,0.9830246913580248,0.8513625264167786,0.7912558913230896,0.8112519979476929,0.995962619781494,Matryoshka,,5.0,3-level,,
CORRELATED_PAIRS,Matryoshka_4,0,8.04901,6.01183,0.0,1.013685599577377,0.8597895519992262,0.8112185597419739,0.976851851851852,0.72802734375,0.8217006921768188,0.7632312774658203,0.9953942894935608,Matryoshka,,6.0,3-level,,
CORRELATED_PAIRS,Matryoshka_5,0,8.013,6.95816,0.0,0.9388960982702508,0.8636468826168894,0.8035775423049927,0.9783950617283952,0.6343061923980713,0.8349398374557495,0.7089178562164307,0.9944449663162231,Matryoshka,,7.0,3-level,,
CORRELATED_PAIRS,Matryoshka_6,0,8.04117,8.0214,0.0,0.9225875739407268,0.8654794750729214,0.7978619337081909,0.970679012345679,0.5626524090766907,0.8461130261421204,0.6608854532241821,0.9932098388671876,Matryoshka,,8.0,3-level,,
CORRELATED_PAIRS,Matryoshka_7,0,8.0517,9.05069,0.0,0.9270310680257424,0.8656682081563362,0.7937735915184021,0.9567901234567902,0.5317900776863098,0.8407732248306274,0.6330023407936096,0.991339385509491,Matryoshka,,9.0,3-level,,
CORRELATED_PAIRS,Matryoshka_8,0,8.02751,10.05447,0.0,0.9522792514717404,0.8659985144127165,0.7815667390823364,0.9444444444444444,0.5039541721343994,0.8260598182678223,0.6050847172737122,0.989466428756714,Matryoshka,,10.0,3-level,,
CORRELATED_PAIRS,Matryoshka_9,0,8.04412,10.98487,0.0,0.9643287034712668,0.8675596370760306,0.7762643098831177,0.9367283950617284,0.4747729003429413,0.8259936571121216,0.5805129408836365,0.9881979823112488,Matryoshka,,11.0,3-level,,
DAG_RANDOM_WALK,Matryoshka_0,0,8.06071,2.00634,0.001543209876543209,0.6476978515625,0.6344839122056298,0.9302905201911926,0.992283950617284,0.9799088835716248,0.4660530686378479,0.6245740056037903,0.995018482208252,Matryoshka,,2.0,3-level,,
DAG_RANDOM_WALK,Matryoshka_1,0,8.04908,3.01007,0.0,0.7577703125,0.7150928412499138,0.9422878623008728,0.992283950617284,0.9631386995315552,0.614456295967102,0.7455533146858215,0.9958868026733398,Matryoshka,,3.0,3-level,,
DAG_RANDOM_WALK,Matryoshka_2,0,8.06111,3.99469,0.0,0.811096328125,0.7507435159143755,0.9281111359596252,0.9938271604938272,0.8573968410491943,0.700006365776062,0.7636128664016724,0.9960815906524658,Matryoshka,,4.0,3-level,,
DAG_RANDOM_WALK,Matryoshka_3,0,8.0503,4.99905,0.0,0.829238828125,0.7655441657595279,0.913527250289917,0.992283950617284,0.7194141745567322,0.7396827340126038,0.7171955704689026,0.9955283999443054,Matryoshka,,5.0,3-level,,
DAG_RANDOM_WALK,Matryoshka_4,0,8.05466,5.98266,0.0,0.83901046875,0.7765179449027808,0.9049805402755736,0.9907407407407408,0.6170124411582947,0.7507556676864624,0.6615118980407715,0.9942547678947448,Matryoshka,,6.0,3-level,,
DAG_RANDOM_WALK,Matryoshka_5,0,8.05544,6.99805,0.0,0.84350859375,0.78346903072383,0.8934721946716309,0.9876543209876544,0.5462563633918762,0.7541318535804749,0.6124187707901001,0.9924108982086182,Matryoshka,,7.0,3-level,,
DAG_RANDOM_WALK,Matryoshka_6,0,8.07236,7.99328,0.0,0.84697734375,0.7896102980458666,0.8842658400535583,0.9876543209876544,0.5190176367759705,0.7527419924736023,0.5899566411972046,0.9907087087631226,Matryoshka,,8.0,3-level,,
DAG_RANDOM_WALK,Matryoshka_7,0,8.06697,8.9736,0.0,0.849761328125,0.7925966102681445,0.8743141293525696,0.9737654320987654,0.4754768311977386,0.7499232292175293,0.5569578409194946,0.9890709519386292,Matryoshka,,9.0,3-level,,
DAG_RANDOM_WALK,Matryoshka_8,0,8.06001,10.02035,0.0,0.851614140625,0.7961308161413363,0.8691651225090027,0.9691358024691358,0.4577429592609405,0.7512803077697754,0.5397078990936279,0.987455666065216,Matryoshka,,10.0,3-level,,
DAG_RANDOM_WALK,Matryoshka_9,0,8.05006,10.97231,0.0,0.855126875,0.7989147850949654,0.8619993329048157,0.9753086419753086,0.4563824832439422,0.753658652305603,0.5374122262001038,0.986336886882782,Matryoshka,,11.0,3-level,,
HIERARCHICAL_PAIRS,Matryoshka_0,0,8.00812,1.99745,0.16203703703703703,1.1577112586755858,0.6640026708946328,0.7401646375656128,0.8796296296296297,0.8257779479026794,0.3835749328136444,0.51768958568573,0.981105089187622,Matryoshka,,2.0,3-level,,
HIERARCHICAL_PAIRS,Matryoshka_1,0,8.01479,3.00586,0.14969135802469136,0.862756965654607,0.7839212543216854,0.7628344297409058,0.9629629629629628,0.8343052864074707,0.5343525409698486,0.6491595506668091,0.9922040104866028,Matryoshka,,3.0,3-level,,
HIERARCHICAL_PAIRS,Matryoshka_2,0,7.99983,3.98568,0.0,0.9149916422703398,0.8647089651041562,0.8416270613670349,0.9891975308641976,0.9219368696212769,0.6773442625999451,0.777174174785614,0.9952293634414672,Matryoshka,,4.0,3-level,,
HIERARCHICAL_PAIRS,Matryoshka_3,0,7.99077,4.9854,0.0,0.9981275742126676,0.8928465920420845,0.8421589732170105,0.9891975308641976,0.8736281991004944,0.7592726349830627,0.8092234134674072,0.9958721399307252,Matryoshka,,5.0,3-level,,
HIERARCHICAL_PAIRS,Matryoshka_4,0,8.02936,6.00929,0.0,0.9863139687945468,0.902200311523806,0.838247537612915,0.9814814814814816,0.7624794244766235,0.7895612120628357,0.769180953502655,0.9952818155288696,Matryoshka,,6.0,3-level,,
HIERARCHICAL_PAIRS,Matryoshka_5,0,7.99049,6.97382,0.0,1.063141184633546,0.9067172935242678,0.8364348411560059,0.976851851851852,0.6775124073028564,0.8072165846824646,0.7258087992668152,0.994233012199402,Matryoshka,,7.0,3-level,,
HIERARCHICAL_PAIRS,Matryoshka_6,0,8.017,8.03755,0.0,0.9384787394814532,0.903537413244054,0.8208932876586914,0.9675925925925926,0.6247521638870239,0.7922664880752563,0.6812219619750977,0.992031991481781,Matryoshka,,8.0,3-level,,
HIERARCHICAL_PAIRS,Matryoshka_7,0,8.03385,9.08954,0.0,0.9873741455899636,0.9030836386156572,0.8094663619995117,0.9567901234567902,0.5845006108283997,0.7826519012451172,0.6526034474372864,0.9904871582984924,Matryoshka,,9.0,3-level,,
HIERARCHICAL_PAIRS,Matryoshka_8,0,8.00637,9.953,0.0,0.9745655213680796,0.9016685138545476,0.7935039401054382,0.9429012345679012,0.5484758615493774,0.770552933216095,0.6176801919937134,0.9887986183166504,Matryoshka,,10.0,3-level,,
HIERARCHICAL_PAIRS,Matryoshka_9,0,8.03194,10.98755,0.0,0.9725676098180832,0.9013238742048292,0.7854116559028625,0.9320987654320988,0.5354489684104919,0.763140857219696,0.6050673723220825,0.9871899485588074,Matryoshka,,11.0,3-level,,
POWER_LAW_DIGRAPH,Matryoshka_0,0,7.93387,1.99861,0.004629629629629629,0.6268308605379063,0.525758736724748,0.9490169882774352,0.9984567901234568,0.9936748743057252,0.4172774851322174,0.5854241251945496,0.9955927729606628,Matryoshka,,2.0,3-level,,
POWER_LAW_DIGRAPH,Matryoshka_1,0,7.97634,3.01168,0.0,0.7336866943496204,0.6265376228267576,0.959582507610321,1.0,0.9855619668960572,0.5994048714637756,0.7439281940460205,0.9968484044075012,Matryoshka,,3.0,3-level,,
POWER_LAW_DIGRAPH,Matryoshka_2,0,7.94993,3.98768,0.0,0.7765755200374875,0.6700764548840374,0.9426122903823853,1.0,0.9002722501754761,0.7129673957824707,0.7914494872093201,0.9971649646759032,Matryoshka,,4.0,3-level,,
POWER_LAW_DIGRAPH,Matryoshka_3,0,7.94303,4.99688,0.0,0.7881071930789925,0.6894526805436694,0.9278832077980042,1.0,0.784539520740509,0.7612128257751465,0.7649995684623718,0.9964089393615724,Matryoshka,,5.0,3-level,,
POWER_LAW_DIGRAPH,Matryoshka_4,0,7.95994,5.97549,0.0,0.7926345926559889,0.6943014848851297,0.91232430934906,1.0,0.6886158585548401,0.7805562615394592,0.7194923162460327,0.9952032566070556,Matryoshka,,6.0,3-level,,
POWER_LAW_DIGRAPH,Matryoshka_5,0,7.95533,6.9725,0.0,0.7959306721136894,0.7007152579025717,0.9094889163970948,0.9984567901234568,0.6256353855133057,0.7949613332748413,0.6837201714515686,0.993893265724182,Matryoshka,,7.0,3-level,,
POWER_LAW_DIGRAPH,Matryoshka_6,0,7.98995,8.06336,0.0,0.7933268952089403,0.7044686589543427,0.9018793702125548,0.9984567901234568,0.5721492767333984,0.8020300269126892,0.647853672504425,0.9923614859580994,Matryoshka,,8.0,3-level,,
POWER_LAW_DIGRAPH,Matryoshka_7,0,7.96562,8.97938,0.0,0.794272477947318,0.7069108480045937,0.9003793001174927,0.9984567901234568,0.5438365936279297,0.8096173405647278,0.6268011927604675,0.991044580936432,Matryoshka,,9.0,3-level,,
POWER_LAW_DIGRAPH,Matryoshka_8,0,7.9368,9.93643,0.0,0.7945826828951523,0.7085417341429197,0.8919781446456909,0.992283950617284,0.5209924578666687,0.8111616373062134,0.6063877940177917,0.9895974397659302,Matryoshka,,10.0,3-level,,
POWER_LAW_DIGRAPH,Matryoshka_9,0,7.9619,11.01702,0.0,0.795516650124701,0.7121553866735162,0.8908843398094177,0.9969135802469136,0.4982881546020508,0.8133223652839661,0.5879485011100769,0.9879864454269408,Matryoshka,,11.0,3-level,,
SIMPLICIAL_COMPLEX,Matryoshka_0,0,8.0,1.99942,0.1358024691358025,0.826825625,0.6599393262375751,0.5857352018356323,0.9351851851851852,0.7666234970092773,0.3478451371192932,0.4693953096866607,0.9949544072151184,Matryoshka,,2.0,3-level,,
SIMPLICIAL_COMPLEX,Matryoshka_1,0,8.0,2.99501,0.0,0.883843203125,0.7365352053082637,0.7831709384918213,0.9984567901234568,0.9003068804740906,0.5201458930969238,0.6486716270446777,0.9959325194358826,Matryoshka,,3.0,3-level,,
SIMPLICIAL_COMPLEX,Matryoshka_2,0,8.0,4.00605,0.0,0.90107359375,0.7624338465644258,0.8132429122924805,0.9984567901234568,0.856826663017273,0.642464280128479,0.7192620635032654,0.9963802099227904,Matryoshka,,4.0,3-level,,
SIMPLICIAL_COMPLEX,Matryoshka_3,0,8.0,4.99921,0.0,0.90908828125,0.7744682323279042,0.7861607670783997,0.992283950617284,0.7715028524398804,0.6947797536849976,0.7093702554702759,0.9957119226455688,Matryoshka,,5.0,3-level,,
SIMPLICIAL_COMPLEX,Matryoshka_4,0,8.0,5.99298,0.0,0.911859453125,0.7814641751765795,0.7577011585235596,0.9722222222222222,0.695848286151886,0.7228282690048218,0.6821582913398743,0.9946188926696776,Matryoshka,,6.0,3-level,,
SIMPLICIAL_COMPLEX,Matryoshka_5,0,8.0,6.98109,0.0,0.9134890625,0.7862218634036627,0.7438009977340698,0.9691358024691358,0.6260913014411926,0.7443698644638062,0.6504600644111633,0.9933796525001526,Matryoshka,,7.0,3-level,,
SIMPLICIAL_COMPLEX,Matryoshka_6,0,8.0,8.02184,0.0,0.91607640625,0.7900809207036316,0.7278560996055603,0.970679012345679,0.5704330801963806,0.7568458318710327,0.6168256402015686,0.9919737577438354,Matryoshka,,8.0,3-level,,
SIMPLICIAL_COMPLEX,Matryoshka_7,0,8.0,8.96598,0.0,0.916173515625,0.7928997052192661,0.7132178544998169,0.9552469135802468,0.5265636444091797,0.7609292268753052,0.5885569453239441,0.990569233894348,Matryoshka,,9.0,3-level,,
SIMPLICIAL_COMPLEX,Matryoshka_8,0,8.0,9.98585,0.0,0.916734765625,0.7946523436017726,0.6855150461196899,0.9305555555555556,0.4839842021465301,0.7537041902542114,0.5542330145835876,0.988880217075348,Matryoshka,,10.0,3-level,,
SIMPLICIAL_COMPLEX,Matryoshka_9,0,8.0,11.00049,0.0,0.91797046875,0.7955846864049761,0.6786717772483826,0.9243827160493828,0.4594042599201202,0.7585757374763489,0.5339576601982117,0.9873161911964417,Matryoshka,,11.0,3-level,,
SPARSE_UNIFORM,Matryoshka_0,0,8.02865,2.00285,0.12191358024691358,0.6859536124363629,0.5117242325322662,0.9027824997901917,0.949074074074074,0.8765266537666321,0.331067144870758,0.4758842289447784,0.9887288212776184,Matryoshka,,2.0,3-level,,
SPARSE_UNIFORM,Matryoshka_1,0,8.03176,2.99118,0.030864197530864196,0.7883219908935429,0.6524422211352334,0.976431369781494,0.9953703703703703,0.9690492153167723,0.4933034777641296,0.653048038482666,0.9932863116264344,Matryoshka,,3.0,3-level,,
SPARSE_UNIFORM,Matryoshka_2,0,8.02549,3.99912,0.0,0.8501907728927471,0.7369086611223387,0.9980226755142212,1.0,0.997615396976471,0.6425925493240356,0.7811847925186157,0.996026337146759,Matryoshka,,4.0,3-level,,
SPARSE_UNIFORM,Matryoshka_3,0,8.04275,5.00106,0.0,0.8767125910172933,0.7742400733500252,0.9978174567222596,0.9984567901234568,0.9474414587020874,0.7482666969299316,0.8355637788772583,0.9970840811729432,Matryoshka,,5.0,3-level,,
SPARSE_UNIFORM,Matryoshka_4,0,8.0294,5.97909,0.0,0.8850472325572092,0.7896322853260409,0.9926341772079468,0.992283950617284,0.795556902885437,0.7824025750160217,0.7841866612434387,0.9965751767158508,Matryoshka,,6.0,3-level,,
SPARSE_UNIFORM,Matryoshka_5,0,8.00427,6.95497,0.0,0.8896773199407888,0.7999821306557071,0.9833375215530396,0.9783950617283952,0.7042731046676636,0.779532790184021,0.7313770651817322,0.994742512702942,Matryoshka,,7.0,3-level,,
SPARSE_UNIFORM,Matryoshka_6,0,8.02469,8.01907,0.0,0.8953270493483892,0.8083112798532572,0.9685540795326232,0.9660493827160492,0.6341385841369629,0.7743237614631653,0.6826397776603699,0.9932132959365844,Matryoshka,,8.0,3-level,,
SPARSE_UNIFORM,Matryoshka_7,0,8.04002,9.02831,0.0,0.8998503257890947,0.8139418351622351,0.9602689743041992,0.9521604938271604,0.5899201035499573,0.7677402496337891,0.649734616279602,0.9913974404335022,Matryoshka,,9.0,3-level,,
SPARSE_UNIFORM,Matryoshka_8,0,8.02932,9.99726,0.0,0.902305697036526,0.8172388106319025,0.9448190331459044,0.9305555555555556,0.5643433332443237,0.7521959543228149,0.6244557499885559,0.9891760349273682,Matryoshka,,10.0,3-level,,
SPARSE_UNIFORM,Matryoshka_9,0,8.03574,11.03224,0.0,0.9037666908381676,0.8195434682802605,0.9333169460296632,0.9151234567901234,0.5292397141456604,0.7374710440635681,0.5943211913108826,0.9872132539749146,Matryoshka,,11.0,3-level,,
SPHERICAL,Matryoshka_0,0,8.08018,1.99918,0.1558641975308642,0.8257614192557152,0.7827303131132852,0.675442636013031,0.8966049382716049,0.7832730412483215,0.4477305114269256,0.5552974939346313,0.9962538480758668,Matryoshka,,2.0,3-level,,
SPHERICAL,Matryoshka_1,0,8.06349,2.98778,0.0,0.8904087094255773,0.8430757011935889,0.7482007145881653,0.9953703703703703,0.8765758275985718,0.6142247319221497,0.6961089968681335,0.9968097805976868,Matryoshka,,3.0,3-level,,
SPHERICAL,Matryoshka_2,0,8.04369,3.97763,0.0,0.8998846213038778,0.8556761140227586,0.7238592505455017,0.9984567901234568,0.792484700679779,0.7043566107749939,0.7148845195770264,0.9963990449905396,Matryoshka,,4.0,3-level,,
SPHERICAL,Matryoshka_3,0,8.05726,5.00264,0.0,0.8994252460058461,0.8629760940379891,0.7022178769111633,0.9814814814814816,0.6829812526702881,0.7374193072319031,0.6771848797798157,0.9952293634414672,Matryoshka,,5.0,3-level,,
SPHERICAL,Matryoshka_4,0,8.04026,5.97124,0.0,0.8960585109311497,0.8654942090335872,0.6866594552993774,0.9629629629629628,0.5962336659431458,0.7491884827613831,0.6317009329795837,0.9938793182373048,Matryoshka,,6.0,3-level,,
SPHERICAL,Matryoshka_5,0,8.07052,7.00635,0.0,0.8934757603278491,0.8659908443844164,0.669590413570404,0.9583333333333334,0.5381565093994141,0.7630668878555298,0.5973496437072754,0.9924619793891908,Matryoshka,,7.0,3-level,,
SPHERICAL,Matryoshka_6,0,8.05677,7.97954,0.0,0.8930739472920357,0.8690333443348652,0.6673053503036499,0.9537037037037036,0.4741753935813904,0.7720028162002563,0.5574092268943787,0.99107426404953,Matryoshka,,8.0,3-level,,
SPHERICAL,Matryoshka_7,0,8.05816,9.00343,0.0,0.8926158343425649,0.8701122527809642,0.6620084047317505,0.9614197530864198,0.433458924293518,0.7775807976722717,0.5268797874450684,0.9895655512809752,Matryoshka,,9.0,3-level,,
SPHERICAL,Matryoshka_8,0,8.07417,10.00192,0.0,0.8888015593561368,0.8699550805262428,0.6511827111244202,0.9475308641975309,0.4059827923774719,0.7851601243019104,0.5048767328262329,0.9881190657615662,Matryoshka,,10.0,3-level,,
SPHERICAL,Matryoshka_9,0,8.06604,11.01495,0.0,0.8851576887661142,0.8702756541403469,0.6442679762840271,0.9459876543209876,0.381389856338501,0.7853838205337524,0.4819578826427459,0.9865532517433168,Matryoshka,,11.0,3-level,,
TORUS,Matryoshka_0,0,8.0016,2.00302,0.15432098765432098,0.8186998932222378,0.7742586312847582,0.6735033392906189,0.9120370370370372,0.7782851457595825,0.450395405292511,0.5573622584342957,0.99629145860672,Matryoshka,,2.0,3-level,,
TORUS,Matryoshka_1,0,7.9912,2.98514,0.0,0.8865190847187212,0.8364376672839671,0.7574751377105713,1.0,0.8764733076095581,0.6186920404434204,0.7009248733520508,0.9968560338020324,Matryoshka,,3.0,3-level,,
TORUS,Matryoshka_2,0,7.99836,3.99413,0.0,0.8962789001080238,0.8494563067908412,0.7300258874893188,0.9969135802469136,0.7765589356422424,0.7000826001167297,0.7063074707984924,0.9963047504425048,Matryoshka,,4.0,3-level,,
TORUS,Matryoshka_3,0,7.99042,4.98897,0.0,0.8927652439634305,0.8549557185129153,0.7100005745887756,0.9891975308641976,0.6819952130317688,0.7432058453559875,0.6798328161239624,0.9953011274337769,Matryoshka,,5.0,3-level,,
TORUS,Matryoshka_4,0,8.00159,5.99114,0.0,0.8892653530706142,0.8580873859132101,0.6994746327400208,0.9799382716049384,0.5998630523681641,0.7578651905059814,0.6369255781173706,0.9939362406730652,Matryoshka,,6.0,3-level,,
TORUS,Matryoshka_5,0,7.99218,7.01115,0.0,0.8869367341835459,0.8593857341575128,0.6860644817352295,0.9691358024691358,0.5285821557044983,0.7595055103302002,0.5897047519683838,0.9923839569091796,Matryoshka,,7.0,3-level,,
TORUS,Matryoshka_6,0,8.00043,7.99716,0.0,0.8824781462848684,0.8592872762485304,0.6808866262435913,0.9722222222222222,0.4879513084888458,0.7730588912963867,0.5636914968490601,0.9910269975662231,Matryoshka,,8.0,3-level,,
TORUS,Matryoshka_7,0,8.00324,9.04702,0.0,0.8824088632839852,0.8609437146332375,0.6714248061180115,0.9567901234567902,0.4342964887619018,0.7703506946563721,0.5234725475311279,0.989375650882721,Matryoshka,,9.0,3-level,,
TORUS,Matryoshka_8,0,8.00048,10.03512,0.0,0.8822819714375738,0.8623693936947879,0.6627907752990723,0.9629629629629628,0.4052208364009857,0.7833724617958069,0.5019286870956421,0.9880133867263794,Matryoshka,,10.0,3-level,,
TORUS,Matryoshka_9,0,7.99951,11.00503,0.0,0.8821948394082462,0.8624348991680779,0.6584758162498474,0.949074074074074,0.3801044523715973,0.7776108384132385,0.4795179963111877,0.9864454865455629,Matryoshka,,11.0,3-level,,
CORRELATED_PAIRS,MatchingPursuit_0,0,8.02959,1.9974,0.0,0.823366301122614,0.574826105632,0.7665116786956787,0.9537037037037036,0.9328556656837464,0.4222988486289978,0.5696260929107666,0.9881681203842164,MatchingPursuit,,,,2.0,
CORRELATED_PAIRS,MatchingPursuit_1,0,8.03041,2.99353,0.0,0.9307213134618476,0.7022403349837743,0.7915056347846985,0.9552469135802468,0.871955394744873,0.5654668211936951,0.6707053184509277,0.9893296957015992,MatchingPursuit,,,,3.0,
CORRELATED_PAIRS,MatchingPursuit_2,0,8.01981,3.98489,0.0,0.90662750414219,0.779158867461699,0.8010181188583374,0.9521604938271604,0.8072046637535095,0.6773512363433838,0.7139108180999756,0.989372730255127,MatchingPursuit,,,,4.0,
CORRELATED_PAIRS,MatchingPursuit_3,0,8.00615,4.95877,0.0,0.9551690287112102,0.8242397280734644,0.808728814125061,0.9583333333333334,0.7314786314964294,0.7477940917015076,0.709269106388092,0.9895626306533812,MatchingPursuit,,,,5.0,
CORRELATED_PAIRS,MatchingPursuit_4,0,8.04901,5.88768,0.0,0.9738905208500642,0.8493866165812396,0.8028338551521301,0.9521604938271604,0.6565070152282715,0.7994362115859985,0.6832951903343201,0.9870975613594056,MatchingPursuit,,,,6.0,
CORRELATED_PAIRS,MatchingPursuit_5,0,8.013,6.75151,0.0,0.9471730226414335,0.8700961635145937,0.812364935874939,0.9629629629629628,0.6181419491767883,0.8457323908805847,0.6785240769386292,0.9895380139350892,MatchingPursuit,,,,7.0,
CORRELATED_PAIRS,MatchingPursuit_6,0,8.04117,7.61605,0.0,0.9441270474927942,0.8825370542118857,0.8126876354217529,0.9675925925925926,0.572409987449646,0.8715464472770691,0.6564058065414429,0.9889792799949646,MatchingPursuit,,,,8.0,
CORRELATED_PAIRS,MatchingPursuit_7,0,8.0517,8.55304,0.0,0.9476508692094536,0.8882936270029209,0.8029286861419678,0.9598765432098766,0.5247669219970703,0.8775752782821655,0.6098372936248779,0.9854943752288818,MatchingPursuit,,,,9.0,
CORRELATED_PAIRS,MatchingPursuit_8,0,8.02751,9.3894,0.0,0.966400724694099,0.899237973016883,0.8123098611831665,0.9753086419753086,0.4938882291316986,0.8995041251182556,0.600727379322052,0.9885046482086182,MatchingPursuit,,,,10.0,
CORRELATED_PAIRS,MatchingPursuit_9,0,8.04412,10.27001,0.0,0.9725776064625612,0.9038977097721446,0.8125962018966675,0.9722222222222222,0.4605712294578552,0.9037322998046876,0.5709332823753357,0.9880794882774352,MatchingPursuit,,,,11.0,
DAG_RANDOM_WALK,MatchingPursuit_0,0,8.06071,2.0,0.0,0.7694659375,0.5707520110415549,0.8711356520652771,0.949074074074074,0.9427843689918518,0.4328390657901764,0.5782585144042969,0.9928067922592164,MatchingPursuit,,,,2.0,
DAG_RANDOM_WALK,MatchingPursuit_1,0,8.04908,2.99951,0.0,0.82689953125,0.6669553800894139,0.8863831758499146,0.9429012345679012,0.8805407285690308,0.5951874852180481,0.6885845065116882,0.993890643119812,MatchingPursuit,,,,3.0,
DAG_RANDOM_WALK,MatchingPursuit_2,0,8.06111,3.99326,0.0,0.8591178125,0.7259503378765898,0.9026615619659424,0.9583333333333334,0.8110671639442444,0.7037438154220581,0.7269315123558044,0.9941509962081908,MatchingPursuit,,,,4.0,
DAG_RANDOM_WALK,MatchingPursuit_3,0,8.0503,4.97513,0.0,0.877833828125,0.7623300677508682,0.9058933854103088,0.9583333333333334,0.7366554141044617,0.7696722745895386,0.7180886268615723,0.9937914609909058,MatchingPursuit,,,,5.0,
DAG_RANDOM_WALK,MatchingPursuit_4,0,8.05466,5.93559,0.0,0.889982734375,0.7862792860007239,0.8933515548706055,0.970679012345679,0.6627058982849121,0.8153957724571228,0.6940855383872986,0.9935600161552428,MatchingPursuit,,,,6.0,
DAG_RANDOM_WALK,MatchingPursuit_5,0,8.05544,6.87962,0.0,0.89804640625,0.8019712577625617,0.885332465171814,0.9753086419753086,0.6132543087005615,0.8406487107276917,0.6679766774177551,0.9928125739097596,MatchingPursuit,,,,7.0,
DAG_RANDOM_WALK,MatchingPursuit_6,0,8.07236,7.81472,0.0,0.9049228125,0.8141097092933149,0.8697658777236938,0.9691358024691358,0.5706884860992432,0.8448867797851562,0.6303597092628479,0.9914021492004396,MatchingPursuit,,,,8.0,
DAG_RANDOM_WALK,MatchingPursuit_7,0,8.06697,8.67625,0.0,0.910296875,0.8237325157897377,0.8588581681251526,0.976851851851852,0.5400086641311646,0.8555809259414673,0.6071775555610657,0.9904597997665404,MatchingPursuit,,,,9.0,
DAG_RANDOM_WALK,MatchingPursuit_8,0,8.06001,9.5041,0.0,0.9140675,0.8318346417117711,0.835521936416626,0.9722222222222222,0.4959449172019958,0.8557211756706238,0.5701982378959656,0.989193558692932,MatchingPursuit,,,,10.0,
DAG_RANDOM_WALK,MatchingPursuit_9,0,8.05006,10.39567,0.0,0.918209765625,0.8395983684193373,0.8273733854293823,0.976851851851852,0.4706845283508301,0.8616787791252136,0.5482114553451538,0.9880672693252563,MatchingPursuit,,,,11.0,
HIERARCHICAL_PAIRS,MatchingPursuit_0,0,8.00812,1.99495,0.0,0.8977177779200691,0.6273382831082134,0.7869847416877747,0.941358024691358,0.9753057360649108,0.404096394777298,0.56452876329422,0.9893177151679992,MatchingPursuit,,,,2.0,
HIERARCHICAL_PAIRS,MatchingPursuit_1,0,8.01479,2.98498,0.0,0.8924901948348789,0.7543846458933561,0.8103883862495422,0.9212962962962964,0.9351695775985718,0.5463669896125793,0.675530731678009,0.9877039790153505,MatchingPursuit,,,,3.0,
HIERARCHICAL_PAIRS,MatchingPursuit_2,0,7.99983,3.96935,0.0,0.9237587060991654,0.8282336540597603,0.8283433318138123,0.9475308641975309,0.8702185153961182,0.6815213561058044,0.7486018538475037,0.9894060492515564,MatchingPursuit,,,,4.0,
HIERARCHICAL_PAIRS,MatchingPursuit_3,0,7.99077,4.9398,0.0,0.9707727974785272,0.8706668518022409,0.8253703117370605,0.9444444444444444,0.7904221415519714,0.7545896768569946,0.7466505765914917,0.988998293876648,MatchingPursuit,,,,5.0,
HIERARCHICAL_PAIRS,MatchingPursuit_4,0,8.02936,5.88352,0.0,0.9747227422852208,0.8919308781781348,0.8227968811988831,0.9429012345679012,0.715976357460022,0.7975667119026184,0.723580002784729,0.987769603729248,MatchingPursuit,,,,6.0,
HIERARCHICAL_PAIRS,MatchingPursuit_5,0,7.99049,6.7883,0.0,1.0325239708394032,0.9060548584150746,0.8193174600601196,0.9459876543209876,0.6852396130561829,0.8242232799530029,0.7137677669525146,0.9878658652305604,MatchingPursuit,,,,7.0,
HIERARCHICAL_PAIRS,MatchingPursuit_6,0,8.017,7.70665,0.0,0.9590631778061172,0.915062816072542,0.817388117313385,0.9521604938271604,0.6680092811584473,0.8507702946662903,0.7127448320388794,0.9876256585121156,MatchingPursuit,,,,8.0,
HIERARCHICAL_PAIRS,MatchingPursuit_7,0,8.03385,8.6504,0.0,0.9966393309862692,0.9225050196988854,0.8143410682678223,0.9583333333333334,0.6244954466819763,0.8659467101097107,0.6851480007171631,0.9852486848831176,MatchingPursuit,,,,9.0,
HIERARCHICAL_PAIRS,MatchingPursuit_8,0,8.00637,9.50074,0.0,0.9984966935735023,0.9295157348537884,0.8182232975959778,0.9598765432098766,0.5919554233551025,0.8757150769233704,0.6698081493377686,0.9873470067977904,MatchingPursuit,,,,10.0,
HIERARCHICAL_PAIRS,MatchingPursuit_9,0,8.03194,10.30918,0.0,0.9967712843165816,0.9330848964180196,0.8099378347396851,0.9614197530864198,0.5439032316207886,0.8833717107772827,0.6303043365478516,0.9858330488204956,MatchingPursuit,,,,11.0,
POWER_LAW_DIGRAPH,MatchingPursuit_0,0,7.93387,2.0,0.0,0.7053658248287182,0.4510859922172342,0.9078998565673828,0.9984567901234568,0.8856450915336609,0.3877883851528168,0.5323306322097778,0.9950443506240844,MatchingPursuit,,,,2.0,
POWER_LAW_DIGRAPH,MatchingPursuit_1,0,7.97634,2.99931,0.0,0.7666856403169103,0.5501416044969151,0.9386804103851318,1.0,0.8395876288414001,0.5082584619522095,0.6274291276931763,0.995357632637024,MatchingPursuit,,,,3.0,
POWER_LAW_DIGRAPH,MatchingPursuit_2,0,7.94993,3.99535,0.0,0.7988229122099301,0.6173182875031517,0.9409234523773192,0.9984567901234568,0.7756050229072571,0.6106739640235901,0.6776368618011475,0.995474338531494,MatchingPursuit,,,,4.0,
POWER_LAW_DIGRAPH,MatchingPursuit_3,0,7.94303,4.98409,0.0,0.8196370980068476,0.6628547624006782,0.9405099153518676,1.0,0.7137041687965393,0.691763699054718,0.6951674818992615,0.9952503442764282,MatchingPursuit,,,,5.0,
POWER_LAW_DIGRAPH,MatchingPursuit_4,0,7.95994,5.97042,0.0,0.8366198241431307,0.6934479575966774,0.930679976940155,1.0,0.6488277912139893,0.7454603910446167,0.6852285861968994,0.9946089386940002,MatchingPursuit,,,,6.0,
POWER_LAW_DIGRAPH,MatchingPursuit_5,0,7.95533,6.95467,0.0,0.8461730397851763,0.7163221295980308,0.9196545481681824,1.0,0.5919443964958191,0.786389172077179,0.666271448135376,0.9937639832496644,MatchingPursuit,,,,7.0,
POWER_LAW_DIGRAPH,MatchingPursuit_6,0,7.98995,7.92741,0.0,0.8500479437053035,0.7338787183178126,0.9097804427146912,1.0,0.5417324304580688,0.814318835735321,0.6405589580535889,0.9927335381507874,MatchingPursuit,,,,8.0,
POWER_LAW_DIGRAPH,MatchingPursuit_7,0,7.96562,8.88755,0.0,0.8582000294120643,0.7474013624016791,0.9036917090415956,1.0,0.4975837469100952,0.8359021544456482,0.6132524013519287,0.9915828108787536,MatchingPursuit,,,,9.0,
POWER_LAW_DIGRAPH,MatchingPursuit_8,0,7.9368,9.83327,0.0,0.863162555642705,0.7581562066419905,0.8959590792655945,1.0,0.461614578962326,0.8467779159545898,0.5853769779205322,0.9902890920639038,MatchingPursuit,,,,10.0,
POWER_LAW_DIGRAPH,MatchingPursuit_9,0,7.9619,10.75107,0.0,0.8666765282231383,0.7673087211797898,0.8899500370025635,1.0,0.4345065355300903,0.8555390238761902,0.5631974339485168,0.9890469312667848,MatchingPursuit,,,,11.0,
SIMPLICIAL_COMPLEX,MatchingPursuit_0,0,8.0,2.0,0.0,0.846603203125,0.7090400679658871,0.5442214608192444,0.9907407407407408,0.7868287563323975,0.3316889107227325,0.4598532319068908,0.9941086769104004,MatchingPursuit,,,,2.0,
SIMPLICIAL_COMPLEX,MatchingPursuit_1,0,8.0,2.99947,0.0,0.865079375,0.7509207074065539,0.7865222692489624,1.0,0.8235499858856201,0.4792925119400024,0.6018434166908264,0.9950674772262572,MatchingPursuit,,,,3.0,
SIMPLICIAL_COMPLEX,MatchingPursuit_2,0,8.0,3.99791,0.0,0.885256484375,0.783970265932981,0.8493090271949768,1.0,0.8229025602340698,0.6255372166633606,0.7037262320518494,0.995882511138916,MatchingPursuit,,,,4.0,
SIMPLICIAL_COMPLEX,MatchingPursuit_3,0,8.0,4.99644,0.0,0.898998515625,0.8054210283630586,0.8417582511901855,1.0,0.7633921504020691,0.7183143496513367,0.7298422455787659,0.9958390593528748,MatchingPursuit,,,,5.0,
SIMPLICIAL_COMPLEX,MatchingPursuit_4,0,8.0,5.99245,0.0,0.908160703125,0.8207912846245596,0.8279830813407898,1.0,0.6987442970275879,0.7749871015548706,0.7194284796714783,0.9952223300933838,MatchingPursuit,,,,6.0,
SIMPLICIAL_COMPLEX,MatchingPursuit_5,0,8.0,6.98001,0.0,0.91498828125,0.8325986242521676,0.810309886932373,1.0,0.6372359395027161,0.8008935451507568,0.6886382102966309,0.994133472442627,MatchingPursuit,,,,7.0,
SIMPLICIAL_COMPLEX,MatchingPursuit_6,0,8.0,7.9595,0.0,0.9194221875,0.8406299190399114,0.7952515482902527,0.9969135802469136,0.5839865207672119,0.8175041079521179,0.6559187173843384,0.9928669929504396,MatchingPursuit,,,,8.0,
SIMPLICIAL_COMPLEX,MatchingPursuit_7,0,8.0,8.92273,0.0,0.92297484375,0.8475100306016192,0.7814949750900269,0.9969135802469136,0.5380739569664001,0.8268545866012573,0.6224769949913025,0.99149352312088,MatchingPursuit,,,,9.0,
SIMPLICIAL_COMPLEX,MatchingPursuit_8,0,8.0,9.88868,0.0,0.926449375,0.8543590757473511,0.7747442126274109,0.9907407407407408,0.5039386749267578,0.8347026705741882,0.5973480343818665,0.990171194076538,MatchingPursuit,,,,10.0,
SIMPLICIAL_COMPLEX,MatchingPursuit_9,0,8.0,10.74937,0.0,0.928765390625,0.8588573128318819,0.7688865065574646,0.9969135802469136,0.4741365313529968,0.8343002200126648,0.570587694644928,0.9887903332710266,MatchingPursuit,,,,11.0,
SPARSE_UNIFORM,MatchingPursuit_0,0,8.02865,1.99908,0.0,0.7316735492243527,0.4809634558718048,0.9258258938789368,0.9367283950617284,0.976597547531128,0.3366222977638244,0.4930329918861389,0.9869738221168518,MatchingPursuit,,,,2.0,
SPARSE_UNIFORM,MatchingPursuit_1,0,8.03176,2.99705,0.0,0.8080039681349016,0.6067523501589107,0.9465190768241882,0.9398148148148148,0.9324259757995604,0.471075177192688,0.6126740574836731,0.9883963465690612,MatchingPursuit,,,,3.0,
SPARSE_UNIFORM,MatchingPursuit_2,0,8.02549,3.99113,0.0,0.8515214794525343,0.6890319341990456,0.9618320465087892,0.9537037037037036,0.8837623000144958,0.5905857086181641,0.6911739110946655,0.9888633489608764,MatchingPursuit,,,,4.0,
SPARSE_UNIFORM,MatchingPursuit_3,0,8.04275,4.97851,0.0,0.8762287490873266,0.7443510034792689,0.9633243083953856,0.9567901234567902,0.8375025391578674,0.681463897228241,0.7295657396316528,0.9895285964012146,MatchingPursuit,,,,5.0,
SPARSE_UNIFORM,MatchingPursuit_4,0,8.0294,5.9397,0.0,0.8931882226156185,0.778456642081381,0.9536116719245912,0.9444444444444444,0.7997177243232727,0.7334161996841431,0.7386937737464905,0.9891681671142578,MatchingPursuit,,,,6.0,
SPARSE_UNIFORM,MatchingPursuit_5,0,8.00427,6.88294,0.0,0.8997379814664787,0.7949039275411712,0.9321290850639344,0.933641975308642,0.7271444201469421,0.7573009133338928,0.7050223350524902,0.9874019622802734,MatchingPursuit,,,,7.0,
SPARSE_UNIFORM,MatchingPursuit_6,0,8.02469,7.80624,0.0,0.908957647800126,0.8124781793698039,0.9251142144203186,0.9475308641975309,0.6741531491279602,0.7865183353424072,0.6850945949554443,0.9887982606887816,MatchingPursuit,,,,8.0,
SPARSE_UNIFORM,MatchingPursuit_7,0,8.04002,8.70959,0.0,0.9153982852942352,0.8231633771512967,0.9047864675521852,0.9444444444444444,0.6072778105735779,0.796892523765564,0.6375055909156799,0.9872738122940063,MatchingPursuit,,,,9.0,
SPARSE_UNIFORM,MatchingPursuit_8,0,8.02932,9.53139,0.0,0.919188241993719,0.8312034593201428,0.8947808742523193,0.941358024691358,0.5755279660224915,0.7995389699935913,0.6162382364273071,0.987575113773346,MatchingPursuit,,,,10.0,
SPARSE_UNIFORM,MatchingPursuit_9,0,8.03574,10.3312,0.0,0.9233402930586118,0.8387674399799355,0.8769740462303162,0.9429012345679012,0.5351288318634033,0.8019982576370239,0.581230878829956,0.9848912358283995,MatchingPursuit,,,,11.0,
SPHERICAL,MatchingPursuit_0,0,8.08018,1.99277,0.0,0.8692090473235377,0.8088186261933152,0.771097719669342,1.0,0.9476771354675292,0.4645410776138305,0.6173837184906006,0.9964802861213684,MatchingPursuit,,,,2.0,
SPHERICAL,MatchingPursuit_1,0,8.06349,2.97504,0.0,0.9038723676045202,0.8641983880496479,0.7975663542747498,1.0,0.8871963024139404,0.6475688815116882,0.7433816194534302,0.997244656085968,MatchingPursuit,,,,3.0,
SPHERICAL,MatchingPursuit_2,0,8.04369,3.97373,0.0,0.924767600373366,0.8924951105390908,0.8037490248680115,1.0,0.8005679845809937,0.7752376198768616,0.7826829552650452,0.9972941279411316,MatchingPursuit,,,,4.0,
SPHERICAL,MatchingPursuit_3,0,8.05726,4.97563,0.0,0.9362549551533595,0.9081168005997654,0.801226019859314,1.0,0.7088134288787842,0.8548849821090698,0.770164966583252,0.9967395067214966,MatchingPursuit,,,,5.0,
SPHERICAL,MatchingPursuit_4,0,8.04026,5.97399,0.0,0.9428639086868608,0.9167543914715236,0.7934221029281616,1.0,0.6228079795837402,0.8958873152732849,0.7292327880859375,0.9957032203674316,MatchingPursuit,,,,6.0,
SPHERICAL,MatchingPursuit_5,0,8.07052,6.94717,0.0,0.946679632770906,0.921500514456003,0.787765622138977,1.0,0.5604879856109619,0.9156482815742492,0.6879178285598755,0.9944620728492736,MatchingPursuit,,,,7.0,
SPHERICAL,MatchingPursuit_6,0,8.05677,7.86624,0.0,0.9496685734017956,0.9257574052494476,0.7803307175636292,1.0,0.5137705206871033,0.9250907301902772,0.6512766480445862,0.993148684501648,MatchingPursuit,,,,8.0,
SPHERICAL,MatchingPursuit_7,0,8.05816,8.76508,0.0,0.9520784435647728,0.9291412775530924,0.7767316102981567,0.9984567901234568,0.4732007980346679,0.929565966129303,0.6165469884872437,0.9918217658996582,MatchingPursuit,,,,9.0,
SPHERICAL,MatchingPursuit_8,0,8.07417,9.59379,0.0,0.953388709120394,0.9316893997915516,0.7731990814208984,1.0,0.4440712034702301,0.9306657314300536,0.5892115831375122,0.9905681610107422,MatchingPursuit,,,,10.0,
SPHERICAL,MatchingPursuit_9,0,8.06604,10.4217,0.0,0.9537930097235569,0.933750693228694,0.7679422497749329,1.0,0.4166874885559082,0.9323362112045288,0.5634137988090515,0.989306390285492,MatchingPursuit,,,,11.0,
TORUS,MatchingPursuit_0,0,8.0016,1.99447,0.0,0.8622605940044411,0.7990563118816818,0.7728592753410339,0.9984567901234568,0.9438480138778688,0.467869222164154,0.6200048923492432,0.9965201616287231,MatchingPursuit,,,,2.0,
TORUS,MatchingPursuit_1,0,7.9912,2.97967,0.0,0.8985719907824191,0.8563486996497749,0.7977696061134338,1.0,0.8789833784103394,0.6486346125602722,0.7417334318161011,0.9972313642501832,MatchingPursuit,,,,3.0,
TORUS,MatchingPursuit_2,0,7.99836,3.97551,0.0,0.9188237037148173,0.8839855937171847,0.8008349537849426,1.0,0.7900748252868652,0.7708684206008911,0.7752756476402283,0.9972107410430908,MatchingPursuit,,,,4.0,
TORUS,MatchingPursuit_3,0,7.99042,4.97936,0.0,0.9301524646408066,0.8998170686874548,0.7972316145896912,1.0,0.696103036403656,0.848693311214447,0.7601072192192078,0.9966180324554444,MatchingPursuit,,,,5.0,
TORUS,MatchingPursuit_4,0,8.00159,5.9674,0.0,0.9372065819413884,0.9087330771954242,0.7925605177879333,1.0,0.613589882850647,0.8888741731643677,0.7204456925392151,0.9955889582633972,MatchingPursuit,,,,6.0,
TORUS,MatchingPursuit_5,0,7.99218,6.94441,0.0,0.9405512315578894,0.9141061736971524,0.7852920293807983,1.0,0.5476784706115723,0.9076927900314332,0.6762351393699646,0.9943093061447144,MatchingPursuit,,,,7.0,
TORUS,MatchingPursuit_6,0,8.00043,7.90403,0.0,0.9438532675554844,0.9189659517145644,0.7792064547538757,1.0,0.4987380504608154,0.917483925819397,0.6375970244407654,0.9929590225219728,MatchingPursuit,,,,8.0,
TORUS,MatchingPursuit_7,0,8.00324,8.83869,0.0,0.9458778258477544,0.92233514991809,0.7706764340400696,1.0,0.4655355811119079,0.9192203283309937,0.6067631840705872,0.9915305972099304,MatchingPursuit,,,,9.0,
TORUS,MatchingPursuit_8,0,8.00048,9.65834,0.0,0.9484003340868626,0.925822592191864,0.7691424489021301,1.0,0.4335531592369079,0.9245668649673462,0.5789118409156799,0.9903356432914734,MatchingPursuit,,,,10.0,
TORUS,MatchingPursuit_9,0,7.99951,10.49872,0.0,0.9500607657991078,0.9276217172743952,0.7626438736915588,0.9984567901234568,0.410047173500061,0.9242162704467772,0.555767834186554,0.989034116268158,MatchingPursuit,,,,11.0,
SIMPLICIAL_COMPLEX,Standard_1,0,8.0,11.13234,0.0,0.81638125,0.8203361987364222,0.794049859046936,0.9891975308641976,0.4118865132331848,0.8415910005569458,0.5387014150619507,0.9884060621261596,Standard,,,,,0.055
SIMPLICIAL_COMPLEX,Standard_10,0,8.0,3.09103,0.0,0.6794403125,0.6990675955114716,0.477398544549942,0.8364197530864198,0.4774664342403412,0.3400750160217285,0.3854689300060272,0.9925702214241028,Standard,,,,,0.16
SIMPLICIAL_COMPLEX,Standard_11,0,8.0,2.64627,0.0,0.657135625,0.6813050980020401,0.4762543141841888,0.8487654320987654,0.5202889442443848,0.3261804580688476,0.3875813484191894,0.9929534792900084,Standard,,,,,0.18
SIMPLICIAL_COMPLEX,Standard_12,0,8.0,2.326,0.0,0.637703671875,0.6663172137095934,0.4747723340988159,0.8503086419753086,0.565488338470459,0.3091395497322082,0.3868063390254974,0.9931795001029968,Standard,,,,,0.2
SIMPLICIAL_COMPLEX,Standard_2,0,8.0,8.87516,0.0,0.79998765625,0.8072527217901081,0.7662491798400879,0.9876543209876544,0.4870390295982361,0.7961857318878174,0.5871562361717224,0.9911319017410278,Standard,,,,,0.065
SIMPLICIAL_COMPLEX,Standard_3,0,8.0,7.48206,0.0,0.78409984375,0.7957321008925351,0.7430232763290405,0.9891975308641976,0.5387893915176392,0.7520627975463867,0.6096641421318054,0.9925704002380372,Standard,,,,,0.075
SIMPLICIAL_COMPLEX,Standard_4,0,8.0,6.54692,0.0,0.76877671875,0.7851904275232706,0.7366544604301453,0.9830246913580248,0.588671863079071,0.7210198044776917,0.6313162446022034,0.9935609698295592,Standard,,,,,0.085
SIMPLICIAL_COMPLEX,Standard_5,0,8.0,5.88811,0.0,0.75346328125,0.7728403619708004,0.7141759991645813,0.9737654320987654,0.604407548904419,0.6755329370498657,0.6227588057518005,0.9938667416572572,Standard,,,,,0.095
SIMPLICIAL_COMPLEX,Standard_6,0,8.0,5.3717,0.0,0.7394453125,0.7620511115056621,0.6864039897918701,0.9583333333333334,0.6066332459449768,0.6281036734580994,0.6029964685440063,0.9938656687736512,Standard,,,,,0.105
SIMPLICIAL_COMPLEX,Standard_7,0,8.0,4.91154,0.0,0.72621890625,0.7494546498548853,0.6456872224807739,0.933641975308642,0.5858920216560364,0.5670089721679688,0.5633935928344727,0.9936167597770692,Standard,,,,,0.115
SIMPLICIAL_COMPLEX,Standard_8,0,8.0,4.24646,0.0,0.70766609375,0.7309266070219286,0.5847874283790588,0.9012345679012346,0.5505803227424622,0.4777820110321045,0.5013682246208191,0.9932030439376832,Standard,,,,,0.13
SIMPLICIAL_COMPLEX,Standard_9,0,8.0,3.55497,0.0,0.6932846875,0.7115587276220205,0.5025647282600403,0.8533950617283951,0.4802338778972626,0.3770516812801361,0.411336213350296,0.992484211921692,Standard,,,,,0.145
