benchmark,sae,seed,true_l0,sae_l0,dead_latents,shrinkage,explained_variance,mcc,uniqueness,precision,recall,f1_score,accuracy,sae_type,k
CORRELATED_PAIRS,BatchTopK_0,0,8.02959,1.99301,108,0.8486369604072739,0.6072421159317887,0.7184719443321228,0.8765432098765432,0.8009775280952454,0.41666024923324585,0.541710376739502,0.9854397177696228,BatchTopK,2
CORRELATED_PAIRS,BatchTopK_1,0,8.03041,3.00623,50,1.0393243083738497,0.7448490644129531,0.7723066210746765,0.9614197530864198,0.8633767366409302,0.5924791097640991,0.6964220404624939,0.9928101897239685,BatchTopK,3
CORRELATED_PAIRS,BatchTopK_2,0,8.01981,3.98398,1,0.9057370117236532,0.8269928059213175,0.8392797708511353,0.9922839506172839,0.9303720593452454,0.717444121837616,0.8013821840286255,0.9960310459136963,BatchTopK,4
CORRELATED_PAIRS,BatchTopK_3,0,8.00615,4.97645,0,0.9508754225560813,0.8599501586443767,0.8454776406288147,0.9907407407407407,0.8688473105430603,0.8146952986717224,0.83680659532547,0.9969620108604431,BatchTopK,5
CORRELATED_PAIRS,BatchTopK_4,0,8.04901,6.00897,0,0.9578748801648329,0.8741066055411221,0.8431462645530701,0.9876543209876543,0.749409019947052,0.8495095372200012,0.7893669605255127,0.9968774318695068,BatchTopK,6
CORRELATED_PAIRS,BatchTopK_5,0,8.013,6.96227,0,0.9250872031702025,0.8791616103909753,0.8380147814750671,0.9922839506172839,0.6266360878944397,0.861227810382843,0.7137895822525024,0.9958689212799072,BatchTopK,7
CORRELATED_PAIRS,BatchTopK_6,0,8.04117,8.02634,0,0.9192577305092746,0.8825685248838493,0.8335846662521362,0.9861111111111112,0.5405716300010681,0.8709340691566467,0.6544450521469116,0.9946571588516235,BatchTopK,8
CORRELATED_PAIRS,BatchTopK_7,0,8.0517,9.06477,0,0.922192827453264,0.8858843883958376,0.8345140814781189,0.9799382716049383,0.4858968257904053,0.8723438382148743,0.6104533672332764,0.9929989576339722,BatchTopK,9
CORRELATED_PAIRS,BatchTopK_8,0,8.02751,10.07481,0,0.9408895868075787,0.8895704908601703,0.8338330984115601,0.9814814814814815,0.446789413690567,0.8786278367042542,0.57759690284729,0.9917996525764465,BatchTopK,10
CORRELATED_PAIRS,BatchTopK_9,0,8.04412,11.02711,0,0.9503131307172479,0.8909916805625455,0.8296938538551331,0.9799382716049383,0.428967148065567,0.8748440146446228,0.5604900121688843,0.9902971982955933,BatchTopK,11
DAG_RANDOM_WALK,BatchTopK_0,0,8.06071,2.00609,1,0.640523203125,0.64223603584084,0.9316584467887878,0.9969135802469136,0.98419189453125,0.48425430059432983,0.6430224180221558,0.9953301548957825,BatchTopK,2
DAG_RANDOM_WALK,BatchTopK_1,0,8.04908,3.00043,0,0.74980265625,0.7247017475896738,0.9440882205963135,0.9953703703703703,0.965949535369873,0.6327316164970398,0.7602865695953369,0.9960031509399414,BatchTopK,3
DAG_RANDOM_WALK,BatchTopK_2,0,8.06111,3.9962,0,0.799550859375,0.7632342501761208,0.9320058822631836,0.9969135802469136,0.8605688810348511,0.7069631218910217,0.7687512040138245,0.9957674741744995,BatchTopK,4
DAG_RANDOM_WALK,BatchTopK_3,0,8.0503,4.99396,0,0.816455,0.7822749239616377,0.9219045639038086,0.9922839506172839,0.719494640827179,0.7396100163459778,0.7163784503936768,0.994973361492157,BatchTopK,5
DAG_RANDOM_WALK,BatchTopK_4,0,8.05466,5.98922,0,0.82695484375,0.7959793700731752,0.9164849519729614,0.9922839506172839,0.6251699924468994,0.757287323474884,0.6671938300132751,0.9942260384559631,BatchTopK,6
DAG_RANDOM_WALK,BatchTopK_5,0,8.05544,6.9913,0,0.82818171875,0.8032925474203398,0.9018993973731995,0.9953703703703703,0.5371787548065186,0.7645000219345093,0.6077563166618347,0.9929554462432861,BatchTopK,7
DAG_RANDOM_WALK,BatchTopK_6,0,8.07236,7.9915,0,0.832514609375,0.8103864143517514,0.8997875452041626,0.9891975308641975,0.49171504378318787,0.7706201076507568,0.5757604837417603,0.9918771386146545,BatchTopK,8
DAG_RANDOM_WALK,BatchTopK_7,0,8.06697,8.96549,0,0.8350609375,0.8170988616463926,0.8929810523986816,0.9814814814814815,0.4585173428058624,0.7695975303649902,0.5472250580787659,0.9902021884918213,BatchTopK,9
DAG_RANDOM_WALK,BatchTopK_8,0,8.06001,10.02025,0,0.8383378125,0.8235612972627547,0.8878849148750305,0.9783950617283951,0.430889755487442,0.7755503058433533,0.5266949534416199,0.9886847734451294,BatchTopK,10
DAG_RANDOM_WALK,BatchTopK_9,0,8.05006,10.96485,0,0.839351875,0.8284981300913898,0.8773470520973206,0.9660493827160493,0.4081837832927704,0.7615694999694824,0.5026585459709167,0.9863051176071167,BatchTopK,11
HIERARCHICAL_PAIRS,BatchTopK_0,0,8.00812,1.99946,107,1.133659578047629,0.6665368952774031,0.7407435178756714,0.8780864197530864,0.8211822509765625,0.38107091188430786,0.5162449479103088,0.9828132390975952,BatchTopK,2
HIERARCHICAL_PAIRS,BatchTopK_1,0,8.01479,3.00876,83,0.8663731501110185,0.7943809137070355,0.7764569520950317,0.9583333333333334,0.8649689555168152,0.5443388223648071,0.6646189093589783,0.9910995960235596,BatchTopK,3
HIERARCHICAL_PAIRS,BatchTopK_2,0,7.99983,3.98751,0,0.9157853598186219,0.8738031169431622,0.8577208518981934,0.9691358024691358,0.9816768169403076,0.7110097408294678,0.8158121705055237,0.9956883788108826,BatchTopK,4
HIERARCHICAL_PAIRS,BatchTopK_3,0,7.99077,4.98255,0,0.9704255926967703,0.8962829794191683,0.8582310676574707,0.9783950617283951,0.8983381986618042,0.780481219291687,0.8304119110107422,0.996283233165741,BatchTopK,5
HIERARCHICAL_PAIRS,BatchTopK_4,0,8.02936,6.02031,0,0.9562214836769932,0.908633524129685,0.8563229441642761,0.9768518518518519,0.7838580012321472,0.8157339096069336,0.7940482497215271,0.9958051443099976,BatchTopK,6
HIERARCHICAL_PAIRS,BatchTopK_5,0,7.99049,6.95774,0,0.980860061787311,0.9160284512479868,0.8456457853317261,0.9814814814814815,0.7005142569541931,0.8229458928108215,0.7496339678764343,0.9953958988189697,BatchTopK,7
HIERARCHICAL_PAIRS,BatchTopK_6,0,8.017,8.04498,0,0.9381842389994578,0.9194429613810401,0.8397608399391174,0.9737654320987654,0.6182184219360352,0.8299463391304016,0.6988085508346558,0.9938027858734131,BatchTopK,8
HIERARCHICAL_PAIRS,BatchTopK_7,0,8.03385,9.04565,0,0.9552016997800256,0.9210053418261431,0.8361124992370605,0.9675925925925926,0.581087589263916,0.8346718549728394,0.6756156086921692,0.9924720525741577,BatchTopK,9
HIERARCHICAL_PAIRS,BatchTopK_8,0,8.00637,9.9753,0,0.9598263843541857,0.9242002691796987,0.8306503295898438,0.970679012345679,0.5589038133621216,0.8363977074623108,0.6580292582511902,0.9913190007209778,BatchTopK,10
HIERARCHICAL_PAIRS,BatchTopK_9,0,8.03194,10.97528,0,0.9642879340739923,0.9267753013266333,0.8292394876480103,0.9691358024691358,0.5383815169334412,0.8355484008789062,0.6420750021934509,0.9897589087486267,BatchTopK,11
POWER_LAW_DIGRAPH,BatchTopK_0,0,7.93387,1.99954,0,0.6226827101005261,0.5293470672001014,0.951604425907135,1.0,0.9970138669013977,0.41933032870292664,0.5886186361312866,0.9956141114234924,BatchTopK,2
POWER_LAW_DIGRAPH,BatchTopK_1,0,7.97634,3.004,0,0.7254739166709125,0.6286166117524106,0.9650757312774658,1.0,0.9871152639389038,0.6032677888870239,0.7480238676071167,0.9969019293785095,BatchTopK,3
POWER_LAW_DIGRAPH,BatchTopK_2,0,7.94993,3.98176,0,0.7649517144428825,0.6786676545279546,0.9457173347473145,1.0,0.9025702476501465,0.7162611484527588,0.795628011226654,0.9972133636474609,BatchTopK,4
POWER_LAW_DIGRAPH,BatchTopK_3,0,7.94303,4.98609,0,0.775452162687495,0.7018288371232979,0.9304684400558472,1.0,0.7866653203964233,0.767846941947937,0.7711216807365417,0.9965226054191589,BatchTopK,5
POWER_LAW_DIGRAPH,BatchTopK_4,0,7.95994,5.98996,0,0.7772666979969026,0.7113785568969131,0.9199157357215881,1.0,0.6790477633476257,0.7929650545120239,0.7240651249885559,0.9953799843788147,BatchTopK,6
POWER_LAW_DIGRAPH,BatchTopK_5,0,7.95533,6.97175,0,0.7793883341231261,0.7197027905957512,0.915509819984436,1.0,0.5967404246330261,0.8099648952484131,0.679013729095459,0.9941208362579346,BatchTopK,7
POWER_LAW_DIGRAPH,BatchTopK_6,0,7.98995,8.0533,0,0.779176896355005,0.7286927461792272,0.9166197776794434,1.0,0.5344212651252747,0.8228928446769714,0.6399068832397461,0.9927285313606262,BatchTopK,8
POWER_LAW_DIGRAPH,BatchTopK_7,0,7.96562,8.97887,0,0.7804377463737853,0.7348333331165716,0.9160593152046204,1.0,0.48546403646469116,0.8316741585731506,0.6044911742210388,0.991422176361084,BatchTopK,9
POWER_LAW_DIGRAPH,BatchTopK_8,0,7.9368,9.93979,0,0.7799773481985515,0.7394163719164537,0.9143900871276855,1.0,0.4474012553691864,0.8373218178749084,0.574596643447876,0.9900173544883728,BatchTopK,10
POWER_LAW_DIGRAPH,BatchTopK_9,0,7.9619,11.02776,0,0.7803459974805314,0.7442757398259016,0.9112207889556885,1.0,0.411975622177124,0.841846227645874,0.5442997813224792,0.9884255528450012,BatchTopK,11
SIMPLICIAL_COMPLEX,BatchTopK_0,0,8.0,1.99492,0,0.849439921875,0.72165407404806,0.54405277967453,0.9259259259259259,0.7828661203384399,0.3393913209438324,0.4641490578651428,0.9943406581878662,BatchTopK,2
SIMPLICIAL_COMPLEX,BatchTopK_1,0,8.0,2.99593,0,0.874775,0.765198567108729,0.7713408470153809,0.9984567901234568,0.8626598715782166,0.5095820426940918,0.6373854279518127,0.9956536889076233,BatchTopK,3
SIMPLICIAL_COMPLEX,BatchTopK_2,0,8.0,4.00028,0,0.89335015625,0.7968760313672125,0.8298140168190002,0.9969135802469136,0.8384095430374146,0.6455385088920593,0.72346431016922,0.9962441921234131,BatchTopK,4
SIMPLICIAL_COMPLEX,BatchTopK_3,0,8.0,5.00021,0,0.904458046875,0.8146026657368556,0.819298267364502,0.9969135802469136,0.7644088864326477,0.7247651815414429,0.7319059371948242,0.995954155921936,BatchTopK,5
SIMPLICIAL_COMPLEX,BatchTopK_4,0,8.0,5.98615,0,0.911958125,0.8283100112414943,0.8167922496795654,0.9922839506172839,0.7036048769950867,0.7824704647064209,0.7237367630004883,0.9953436851501465,BatchTopK,6
SIMPLICIAL_COMPLEX,BatchTopK_5,0,8.0,6.99555,0,0.917092890625,0.8369706422536412,0.8031671047210693,0.9953703703703703,0.6356187462806702,0.821203351020813,0.6981785297393799,0.9943956732749939,BatchTopK,7
SIMPLICIAL_COMPLEX,BatchTopK_6,0,8.0,7.99477,0,0.920769140625,0.8433837859698464,0.785675585269928,0.9830246913580247,0.5748967528343201,0.8462264537811279,0.665435254573822,0.9932202696800232,BatchTopK,8
SIMPLICIAL_COMPLEX,BatchTopK_7,0,8.0,9.00763,0,0.92277640625,0.8480424019884931,0.7601119875907898,0.9845679012345679,0.5108340382575989,0.8609416484832764,0.6230319142341614,0.9918443560600281,BatchTopK,9
SIMPLICIAL_COMPLEX,BatchTopK_8,0,8.0,10.00292,0,0.92524984375,0.8524157988515697,0.7497040629386902,0.970679012345679,0.4682200849056244,0.8701058030128479,0.591917872428894,0.9904711842536926,BatchTopK,10
SIMPLICIAL_COMPLEX,BatchTopK_9,0,8.0,11.00713,0,0.92685375,0.8552850640698033,0.7310681939125061,0.9691358024691358,0.42447078227996826,0.8819297552108765,0.5578707456588745,0.9890521764755249,BatchTopK,11
SPARSE_UNIFORM,BatchTopK_0,0,8.02865,2.00294,51,0.6856092501325252,0.515359846012674,0.9387603402137756,0.9737654320987654,0.9212867617607117,0.35017871856689453,0.5044662356376648,0.9890753626823425,BatchTopK,2
SPARSE_UNIFORM,BatchTopK_1,0,8.03176,2.99524,18,0.7855527978226516,0.6514519914222694,0.979406476020813,0.9938271604938271,0.9719340205192566,0.49802684783935547,0.657827615737915,0.9918196797370911,BatchTopK,3
SPARSE_UNIFORM,BatchTopK_2,0,8.02549,3.99629,0,0.8454576267902149,0.734344979826082,0.9983263611793518,1.0,0.9972990155220032,0.644315242767334,0.7823938727378845,0.9960705637931824,BatchTopK,4
SPARSE_UNIFORM,BatchTopK_3,0,8.04275,4.99485,0,0.8704186607955512,0.771741975421564,0.9984865784645081,1.0,0.9487056732177734,0.7504631280899048,0.8374599814414978,0.9972521662712097,BatchTopK,5
SPARSE_UNIFORM,BatchTopK_4,0,8.0294,5.972,0,0.8788017020223235,0.787961536322167,0.994636058807373,0.9891975308641975,0.8221304416656494,0.7755609750747681,0.7950799465179443,0.9961697459220886,BatchTopK,6
SPARSE_UNIFORM,BatchTopK_5,0,8.00427,6.95259,0,0.8852322566287595,0.8030429129738744,0.9804279804229736,0.970679012345679,0.7062135934829712,0.7760098576545715,0.7322311997413635,0.9945324659347534,BatchTopK,7
SPARSE_UNIFORM,BatchTopK_6,0,8.02469,8.02364,0,0.8916988544302531,0.8154053536375816,0.9681499004364014,0.9567901234567902,0.6221103668212891,0.7705532312393188,0.6774246096611023,0.9929479956626892,BatchTopK,8
SPARSE_UNIFORM,BatchTopK_7,0,8.04002,9.02914,0,0.8960179909089091,0.8240324055837505,0.9548159241676331,0.9490740740740741,0.569144606590271,0.7660154700279236,0.6380560398101807,0.9914612174034119,BatchTopK,9
SPARSE_UNIFORM,BatchTopK_8,0,8.02932,10.00352,0,0.8976294019543127,0.8285921735678974,0.9427926540374756,0.9382716049382716,0.5269970893859863,0.7602224946022034,0.604568600654602,0.9897571206092834,BatchTopK,10
SPARSE_UNIFORM,BatchTopK_9,0,8.03574,10.99673,0,0.9009617548509702,0.8358740578294873,0.9357627630233765,0.9320987654320988,0.5065920352935791,0.7584973573684692,0.5887903571128845,0.9884148836135864,BatchTopK,11
SPHERICAL,BatchTopK_0,0,8.08018,1.99969,100,0.8262675880560115,0.8150063992217843,0.6897332668304443,0.9027777777777778,0.8017174005508423,0.4680803120136261,0.5891116261482239,0.9965175986289978,BatchTopK,2
SPHERICAL,BatchTopK_1,0,8.06349,2.98704,0,0.8964667222172177,0.8882437729535315,0.8021281957626343,1.0,0.9120046496391296,0.6707947254180908,0.7705415487289429,0.9975131154060364,BatchTopK,3
SPHERICAL,BatchTopK_2,0,8.04369,3.98388,0,0.907204294583692,0.9054836037612505,0.7978440523147583,1.0,0.807636022567749,0.7864248752593994,0.7930590510368347,0.9974086284637451,BatchTopK,4
SPHERICAL,BatchTopK_3,0,8.05726,5.00882,0,0.9066679346520381,0.912551760747526,0.7928670048713684,1.0,0.6980899572372437,0.8473055958747864,0.7607256770133972,0.9965894818305969,BatchTopK,5
SPHERICAL,BatchTopK_4,0,8.04026,5.9939,0,0.9036153595417326,0.9168299420085834,0.7876545786857605,1.0,0.6061693429946899,0.8785457015037537,0.7124450206756592,0.9954519271850586,BatchTopK,6
SPHERICAL,BatchTopK_5,0,8.07052,7.01873,0,0.9024311601817381,0.9194844993189155,0.7816060185432434,0.9953703703703703,0.5308294296264648,0.8935347199440002,0.661060631275177,0.9940707087516785,BatchTopK,7
SPHERICAL,BatchTopK_6,0,8.05677,7.98158,0,0.9011663895394809,0.9211798491491286,0.7729666233062744,0.9969135802469136,0.4738538861274719,0.9055154323577881,0.6171866655349731,0.9927243590354919,BatchTopK,8
SPHERICAL,BatchTopK_7,0,8.05816,9.00124,0,0.9010086164186125,0.9231528923519087,0.7725016474723816,1.0,0.42677974700927734,0.9160943031311035,0.5774804353713989,0.9912885427474976,BatchTopK,9
SPHERICAL,BatchTopK_8,0,8.07417,9.97269,0,0.8991886643242539,0.9246003206558188,0.7629309296607971,0.9984567901234568,0.3891548216342926,0.9195024371147156,0.5421164035797119,0.9898450970649719,BatchTopK,10
SPHERICAL,BatchTopK_9,0,8.06604,10.95391,0,0.8972536457082232,0.9256777043878516,0.7598819732666016,0.9984567901234568,0.3547607660293579,0.9240921139717102,0.5086830258369446,0.9883754253387451,BatchTopK,11
TORUS,BatchTopK_0,0,8.0016,1.9966,100,0.8168026811971113,0.80479587643992,0.6890179514884949,0.8842592592592593,0.7965558171272278,0.4678056538105011,0.5877495408058167,0.9965227842330933,BatchTopK,2
TORUS,BatchTopK_1,0,7.9912,2.98831,0,0.8892326570189653,0.8792794323652793,0.7991946935653687,1.0,0.8982535600662231,0.6645642518997192,0.7611551880836487,0.9974192976951599,BatchTopK,3
TORUS,BatchTopK_2,0,7.99836,3.99501,0,0.9004121531736982,0.8970572618613362,0.7964907288551331,1.0,0.7951023578643799,0.7791671752929688,0.7829045057296753,0.9972854256629944,BatchTopK,4
TORUS,BatchTopK_3,0,7.99042,5.00212,0,0.8999349205793507,0.9042341651416507,0.790607213973999,1.0,0.6870476007461548,0.8391910791397095,0.7506029009819031,0.9964665770530701,BatchTopK,5
TORUS,BatchTopK_4,0,8.00159,5.99866,0,0.8972093637477495,0.9091489298838147,0.7846813201904297,0.9984567901234568,0.5939881801605225,0.8662989139556885,0.6996917128562927,0.9952641129493713,BatchTopK,6
TORUS,BatchTopK_5,0,7.99218,7.00819,0,0.896000484496124,0.9115043391119625,0.7809814810752869,0.9984567901234568,0.5208719968795776,0.8851923942565918,0.650886058807373,0.993934154510498,BatchTopK,7
TORUS,BatchTopK_6,0,8.00043,8.01007,0,0.8929389089895282,0.91390300521205,0.7725933790206909,0.9984567901234568,0.4627109169960022,0.8972889184951782,0.6058996319770813,0.9925379157066345,BatchTopK,8
TORUS,BatchTopK_7,0,8.00324,9.03449,0,0.8927667362708812,0.9156237024260216,0.7667641639709473,0.9969135802469136,0.4151650071144104,0.9017600417137146,0.5638766884803772,0.9910205602645874,BatchTopK,9
TORUS,BatchTopK_8,0,8.00048,10.02372,0,0.8927583671754656,0.9174218789954895,0.7676532864570618,0.9984567901234568,0.3801795244216919,0.9124705195426941,0.5320817828178406,0.9896292090415955,BatchTopK,10
TORUS,BatchTopK_9,0,7.99951,10.98718,0,0.8919859007091844,0.9186897692735567,0.759488582611084,0.9984567901234568,0.3493167459964752,0.9168126583099365,0.5016450881958008,0.988193154335022,BatchTopK,11
