benchmark,sae,true_l0,sae_l0,dead_latents,shrinkage,explained_variance,mcc,uniqueness,precision,recall,f1_score,accuracy,sae_type,max_iterations,residual_threshold,d_sae
CORRELATED_PAIRS,MatchingPursuit_0,4.77785,2.97653,0,0.54974668483978,0.19115820096048086,0.36140739917755127,0.8194444444444444,0.10879502445459366,0.11853090673685074,0.08081907033920288,0.9908458590507507,MatchingPursuit,3,0.01,648
CORRELATED_PAIRS,MatchingPursuit_1,4.76823,2.97773,1,0.5831711914773187,0.24845338497442016,0.404347687959671,0.7623456790123457,0.2524261474609375,0.15960775315761566,0.163259357213974,0.9950917363166809,MatchingPursuit,3,0.01,1296
CORRELATED_PAIRS,MatchingPursuit_10,4.78051,3.7895,0,0.5301601611883692,0.26491105686005134,0.4007952809333801,0.8888888888888888,0.12430983781814575,0.22205333411693573,0.12209021300077438,0.9907569289207458,MatchingPursuit,4,0.5,648
CORRELATED_PAIRS,MatchingPursuit_11,4.77591,3.76227,0,0.6055844878147436,0.34648561932661404,0.4119783639907837,0.7870370370370371,0.20081937313079834,0.19663237035274506,0.16261552274227142,0.9947975873947144,MatchingPursuit,4,0.5,1296
CORRELATED_PAIRS,MatchingPursuit_12,4.77553,4.95493,0,0.6483409513935222,0.30216428760569547,0.3466052711009979,0.7777777777777778,0.05081043019890785,0.09796494990587234,0.04591500759124756,0.9876108169555664,MatchingPursuit,5,0.01,648
CORRELATED_PAIRS,MatchingPursuit_13,4.77181,4.94957,1,0.7551333330807009,0.2385990259020333,0.3988351821899414,0.7476851851851852,0.17585264146327972,0.1336565613746643,0.1172664687037468,0.9938895106315613,MatchingPursuit,5,0.01,1296
CORRELATED_PAIRS,MatchingPursuit_14,4.76723,4.93451,0,0.6558315423318807,0.31221131814629766,0.34956321120262146,0.816358024691358,0.05314134806394577,0.11574386060237885,0.050752170383930206,0.9885640740394592,MatchingPursuit,5,0.1,648
CORRELATED_PAIRS,MatchingPursuit_15,4.77718,4.92684,0,0.6901735809157372,0.35902571297573216,0.41799893975257874,0.8040123456790124,0.18813657760620117,0.20116589963436127,0.15645992755889893,0.9941604137420654,MatchingPursuit,5,0.1,1296
CORRELATED_PAIRS,MatchingPursuit_16,4.77548,4.70215,0,0.5810619142757492,0.33009843115238857,0.40225884318351746,0.8873456790123457,0.10595729202032089,0.23774223029613495,0.11313478648662567,0.9905099868774414,MatchingPursuit,5,0.5,648
CORRELATED_PAIRS,MatchingPursuit_17,4.75999,4.66984,0,0.6363092237903226,0.40095528549658654,0.4132553040981293,0.7862654320987654,0.1742520034313202,0.21314013004302979,0.15257520973682404,0.9942152500152588,MatchingPursuit,5,0.5,1296
CORRELATED_PAIRS,MatchingPursuit_18,4.77305,5.94394,0,0.6911311386128605,0.35325250653458673,0.347917765378952,0.8132716049382716,0.044387537986040115,0.11318357288837433,0.04373142495751381,0.9882621169090271,MatchingPursuit,6,0.01,648
CORRELATED_PAIRS,MatchingPursuit_19,4.75583,5.94135,0,0.8367074350888896,0.25628865272911994,0.38999873399734497,0.7253086419753086,0.14561279118061066,0.1175859346985817,0.10069318115711212,0.9923387765884399,MatchingPursuit,6,0.01,1296
CORRELATED_PAIRS,MatchingPursuit_2,4.76975,2.96783,0,0.5525490578219603,0.19439601541470541,0.3618316650390625,0.8287037037037037,0.1078750491142273,0.12358126044273376,0.08488544076681137,0.9922210574150085,MatchingPursuit,3,0.1,648
CORRELATED_PAIRS,MatchingPursuit_20,4.76996,5.9154,0,0.6879648726365944,0.35413835099631863,0.3459259271621704,0.7901234567901234,0.04705231264233589,0.10460370033979416,0.04431374743580818,0.9871243834495544,MatchingPursuit,6,0.1,648
CORRELATED_PAIRS,MatchingPursuit_21,4.75976,5.91156,1,0.7345391344569251,0.39017456834820374,0.4164324998855591,0.7947530864197531,0.16331744194030762,0.20140740275382996,0.14112794399261475,0.992809534072876,MatchingPursuit,6,0.1,1296
CORRELATED_PAIRS,MatchingPursuit_22,4.7689,5.60974,0,0.6085079972710734,0.3764244992779331,0.4053571820259094,0.8858024691358025,0.10005731880664825,0.2619823217391968,0.11028378456830978,0.9893234372138977,MatchingPursuit,6,0.5,648
CORRELATED_PAIRS,MatchingPursuit_23,4.76935,5.55755,0,0.6749106109718755,0.46060920449041476,0.4156166911125183,0.7947530864197531,0.159447580575943,0.22461506724357605,0.14703544974327087,0.9934771656990051,MatchingPursuit,6,0.5,1296
CORRELATED_PAIRS,MatchingPursuit_24,4.76984,6.93176,0,0.7097824328696215,0.39599867609581196,0.3462807834148407,0.7993827160493827,0.04190277308225632,0.1126890629529953,0.041890699416399,0.9864011406898499,MatchingPursuit,7,0.01,648
CORRELATED_PAIRS,MatchingPursuit_25,4.77059,6.92713,0,0.8743642723927745,0.2897267534057736,0.37978595495224,0.7091049382716049,0.12463368475437164,0.10971050709486008,0.08333522826433182,0.9904711842536926,MatchingPursuit,7,0.01,1296
CORRELATED_PAIRS,MatchingPursuit_26,4.77443,6.89799,0,0.7153630483575812,0.40041547132393984,0.3437994122505188,0.8040123456790124,0.04126190021634102,0.10782229900360107,0.036964114755392075,0.9852396845817566,MatchingPursuit,7,0.1,648
CORRELATED_PAIRS,MatchingPursuit_27,4.77349,6.89142,0,0.7499959709834971,0.4360238494578571,0.41540414094924927,0.7893518518518519,0.1466737687587738,0.2078145295381546,0.13261784613132477,0.9928328990936279,MatchingPursuit,7,0.1,1296
CORRELATED_PAIRS,MatchingPursuit_28,4.76401,6.52367,0,0.629696218638174,0.4159961015968474,0.40248093008995056,0.8780864197530864,0.08860144019126892,0.26280632615089417,0.10099577903747559,0.9881778359413147,MatchingPursuit,7,0.5,648
CORRELATED_PAIRS,MatchingPursuit_29,4.77507,6.44847,0,0.6980140356662724,0.505765734798225,0.41607746481895447,0.7932098765432098,0.14063338935375214,0.2330235093832016,0.1375269889831543,0.9929564595222473,MatchingPursuit,7,0.5,1296
CORRELATED_PAIRS,MatchingPursuit_3,4.78468,2.96707,0,0.5853817829702269,0.2623767956711568,0.40827009081840515,0.7623456790123457,0.24968931078910828,0.16745026409626007,0.16776034235954285,0.9953822493553162,MatchingPursuit,3,0.1,1296
CORRELATED_PAIRS,MatchingPursuit_30,4.76285,9.89581,0,0.7676366845820145,0.5094398913846947,0.3433983027935028,0.7962962962962963,0.024093789979815483,0.12313944846391678,0.028238972648978233,0.9815152287483215,MatchingPursuit,10,0.01,648
CORRELATED_PAIRS,MatchingPursuit_31,4.76835,9.88282,0,0.8771879044652969,0.5117375127113326,0.35850846767425537,0.6612654320987654,0.06551483273506165,0.1053771823644638,0.05412091314792633,0.989044189453125,MatchingPursuit,10,0.01,1296
CORRELATED_PAIRS,MatchingPursuit_32,4.7818,9.84453,0,0.7729033342432239,0.5151459963849747,0.3449476659297943,0.808641975308642,0.03103034570813179,0.10691865533590317,0.030569320544600487,0.981292724609375,MatchingPursuit,10,0.1,648
CORRELATED_PAIRS,MatchingPursuit_33,4.77186,9.83058,0,0.8053867084849403,0.5696143954211115,0.41318681836128235,0.7847222222222222,0.10932484269142151,0.22158189117908478,0.10964765399694443,0.9904692769050598,MatchingPursuit,10,0.1,1296
CORRELATED_PAIRS,MatchingPursuit_34,4.76781,9.20399,0,0.6796385455409121,0.5204187554052409,0.40060222148895264,0.8580246913580247,0.06647373735904694,0.27785199880599976,0.08101453632116318,0.9832630753517151,MatchingPursuit,10,0.5,648
CORRELATED_PAIRS,MatchingPursuit_35,4.77281,9.01413,0,0.7491504874296454,0.6172785076745189,0.41819876432418823,0.7986111111111112,0.11168133467435837,0.25687748193740845,0.11894865334033966,0.9911163449287415,MatchingPursuit,10,0.5,1296
CORRELATED_PAIRS,MatchingPursuit_4,4.77151,2.86188,0,0.5035672011820259,0.22226083341933045,0.40173980593681335,0.8641975308641975,0.15562979876995087,0.20370733737945557,0.13828976452350616,0.9931628108024597,MatchingPursuit,3,0.5,648
CORRELATED_PAIRS,MatchingPursuit_5,4.78548,2.8499,1,0.5658375687090776,0.2830281818942769,0.41049090027809143,0.7785493827160493,0.24771104753017426,0.18093954026699066,0.17394162714481354,0.9954186081886292,MatchingPursuit,3,0.5,1296
CORRELATED_PAIRS,MatchingPursuit_6,4.76935,3.96622,0,0.6155152377991446,0.252799302407025,0.3522869050502777,0.8009259259259259,0.06817132234573364,0.10334842652082443,0.057018887251615524,0.9903204441070557,MatchingPursuit,4,0.01,648
CORRELATED_PAIRS,MatchingPursuit_7,4.77831,3.96896,0,0.6612794112820151,0.2792342642030151,0.4082132875919342,0.7739197530864198,0.21806217730045319,0.16582798957824707,0.15275678038597107,0.9946883320808411,MatchingPursuit,4,0.01,1296
CORRELATED_PAIRS,MatchingPursuit_8,4.77509,3.954,0,0.6164033127027683,0.25827758547946755,0.35402044653892517,0.8240740740740741,0.07836449891328812,0.1197008416056633,0.06767133623361588,0.9913099408149719,MatchingPursuit,4,0.1,648
CORRELATED_PAIRS,MatchingPursuit_9,4.77603,3.95132,0,0.6596089621163893,0.29550822291211387,0.4158226251602173,0.7955246913580247,0.219774529337883,0.18680070340633392,0.1651262640953064,0.9948506951332092,MatchingPursuit,4,0.1,1296
DAG_RANDOM_WALK,MatchingPursuit_0,2.17864,2.9859,0,0.563295546875,0.22827524735907878,0.34613022208213806,0.8117283950617284,0.08800966292619705,0.2371617555618286,0.11490107327699661,0.9944659471511841,MatchingPursuit,3,0.01,648
DAG_RANDOM_WALK,MatchingPursuit_1,2.18941,2.98545,6,0.5595119921875,0.2605088635512498,0.3690491318702698,0.6921296296296297,0.2329758256673813,0.29067525267601013,0.2282121479511261,0.9968506693840027,MatchingPursuit,3,0.01,1296
DAG_RANDOM_WALK,MatchingPursuit_10,2.18458,2.84097,0,0.4758871875,0.291891979663914,0.36806491017341614,0.8179012345679012,0.12273877114057541,0.33269548416137695,0.16505217552185059,0.9949142932891846,MatchingPursuit,4,0.5,648
DAG_RANDOM_WALK,MatchingPursuit_11,2.18313,2.80787,9,0.509571484375,0.33846548705087975,0.3721105456352234,0.7145061728395061,0.20734085142612457,0.305192768573761,0.22670939564704895,0.9970490336418152,MatchingPursuit,4,0.5,1296
DAG_RANDOM_WALK,MatchingPursuit_12,2.18127,4.97115,0,0.65846484375,0.34041254337985494,0.34391576051712036,0.8225308641975309,0.050744250416755676,0.24459078907966614,0.07862746715545654,0.9913104176521301,MatchingPursuit,5,0.01,648
DAG_RANDOM_WALK,MatchingPursuit_13,2.18348,4.96621,4,0.77296859375,0.21971033475498636,0.3650861084461212,0.6921296296296297,0.16741517186164856,0.226800799369812,0.16478484869003296,0.9950963854789734,MatchingPursuit,5,0.01,1296
DAG_RANDOM_WALK,MatchingPursuit_14,2.17973,4.68578,0,0.6350142017045171,0.338816926472319,0.3425343930721283,0.7993827160493827,0.05757106840610504,0.23903915286064148,0.08560636639595032,0.9918172359466553,MatchingPursuit,5,0.1,648
DAG_RANDOM_WALK,MatchingPursuit_15,2.18594,4.68075,1,0.6367859765625,0.36213783319145754,0.3753414750099182,0.7253086419753086,0.17099641263484955,0.3334603011608124,0.2067052125930786,0.9956780672073364,MatchingPursuit,5,0.1,1296
DAG_RANDOM_WALK,MatchingPursuit_16,2.18249,3.42232,0,0.5053215625,0.3405175102564082,0.368282288312912,0.8179012345679012,0.10484915971755981,0.3350856304168701,0.14648154377937317,0.9940242171287537,MatchingPursuit,5,0.5,648
DAG_RANDOM_WALK,MatchingPursuit_17,2.17759,3.37104,2,0.52609578125,0.39126136711050596,0.3719269633293152,0.7091049382716049,0.1825367957353592,0.31498822569847107,0.2122551053762436,0.9966243505477905,MatchingPursuit,5,0.5,1296
DAG_RANDOM_WALK,MatchingPursuit_18,2.18084,5.96247,0,0.6988221875,0.3847709383609159,0.3415972888469696,0.7932098765432098,0.04177358001470566,0.2214387208223343,0.06489060074090958,0.9896668791770935,MatchingPursuit,6,0.01,648
DAG_RANDOM_WALK,MatchingPursuit_19,2.18259,5.96279,1,0.82891875,0.26094107963434854,0.3584658205509186,0.6736111111111112,0.13785214722156525,0.22559015452861786,0.14539751410484314,0.9942969083786011,MatchingPursuit,6,0.01,1296
DAG_RANDOM_WALK,MatchingPursuit_2,2.17846,2.85187,0,0.544487734375,0.23191524316575107,0.34740009903907776,0.7993827160493827,0.09230020642280579,0.24467533826828003,0.12081483006477356,0.9946125149726868,MatchingPursuit,3,0.1,648
DAG_RANDOM_WALK,MatchingPursuit_20,2.17937,5.60326,0,0.666896484375,0.38454652577447557,0.34004297852516174,0.7885802469135802,0.0416620671749115,0.23879720270633698,0.06716104596853256,0.9903451204299927,MatchingPursuit,6,0.1,648
DAG_RANDOM_WALK,MatchingPursuit_21,2.18376,5.59331,0,0.687432421199212,0.3911942563386531,0.37521830201148987,0.7222222222222222,0.15529458224773407,0.3358690142631531,0.19184666872024536,0.9950246810913086,MatchingPursuit,6,0.1,1296
DAG_RANDOM_WALK,MatchingPursuit_22,2.18378,3.96904,0,0.526782890625,0.3835563166959268,0.36788463592529297,0.816358024691358,0.0909762755036354,0.3172444701194763,0.13025319576263428,0.993145227432251,MatchingPursuit,6,0.5,648
DAG_RANDOM_WALK,MatchingPursuit_23,2.18549,3.90998,0,0.54919203125,0.43932514329281747,0.37405815720558167,0.7260802469135802,0.1683765947818756,0.3234420120716095,0.20403623580932617,0.9962354302406311,MatchingPursuit,6,0.5,1296
DAG_RANDOM_WALK,MatchingPursuit_24,2.17937,6.95421,0,0.71860109375,0.4284608200804956,0.34012970328330994,0.7700617283950617,0.040687404572963715,0.2588099241256714,0.06630122661590576,0.9883006811141968,MatchingPursuit,7,0.01,648
DAG_RANDOM_WALK,MatchingPursuit_25,2.18515,6.94785,0,0.8854586983369833,0.2838328479925303,0.3535235822200775,0.6558641975308642,0.11125308275222778,0.19801658391952515,0.11587458848953247,0.9934921264648438,MatchingPursuit,7,0.01,1296
DAG_RANDOM_WALK,MatchingPursuit_26,2.18973,6.51508,0,0.6918315625,0.42855531521770185,0.34283047914505005,0.8040123456790124,0.03927294537425041,0.24760988354682922,0.06398387253284454,0.9889310002326965,MatchingPursuit,7,0.1,648
DAG_RANDOM_WALK,MatchingPursuit_27,2.1902,6.50621,1,0.71864765625,0.430530724849564,0.374408483505249,0.7245370370370371,0.13448655605316162,0.3286941647529602,0.17432911694049835,0.9942789077758789,MatchingPursuit,7,0.1,1296
DAG_RANDOM_WALK,MatchingPursuit_28,2.18261,4.54861,0,0.53183421875,0.41964229840318634,0.36490875482559204,0.8271604938271605,0.07984436303377151,0.33528783917427063,0.11975999176502228,0.992284893989563,MatchingPursuit,7,0.5,648
DAG_RANDOM_WALK,MatchingPursuit_29,2.18419,4.4516,0,0.570159140625,0.48216600449677893,0.37419024109840393,0.7245370370370371,0.1526031196117401,0.334479957818985,0.19315031170845032,0.995874285697937,MatchingPursuit,7,0.5,1296
DAG_RANDOM_WALK,MatchingPursuit_3,2.18435,2.84826,13,0.555490546875,0.2633598658120868,0.3691819906234741,0.7029320987654321,0.2365664541721344,0.29922643303871155,0.2361038625240326,0.9969847202301025,MatchingPursuit,3,0.1,1296
DAG_RANDOM_WALK,MatchingPursuit_30,2.17939,9.92634,0,0.78634515625,0.5395315882175932,0.3409550189971924,0.808641975308642,0.025168845430016518,0.24770386517047882,0.04392857104539871,0.9838179349899292,MatchingPursuit,10,0.01,648
DAG_RANDOM_WALK,MatchingPursuit_31,2.17784,9.9207,0,0.865968125,0.5272196928025533,0.3448784351348877,0.6365740740740741,0.06599600613117218,0.22251345217227936,0.0874076560139656,0.9913123846054077,MatchingPursuit,10,0.01,1296
DAG_RANDOM_WALK,MatchingPursuit_32,2.1811,9.23112,0,0.746019921875,0.5391578448261943,0.3407599627971649,0.7916666666666666,0.02766457386314869,0.23947083950042725,0.04718898609280586,0.9848053455352783,MatchingPursuit,10,0.1,648
DAG_RANDOM_WALK,MatchingPursuit_33,2.17835,9.20237,0,0.7641896875,0.5582239104103692,0.3738827705383301,0.716820987654321,0.09730592370033264,0.34308406710624695,0.1394268423318863,0.9922441840171814,MatchingPursuit,10,0.1,1296
DAG_RANDOM_WALK,MatchingPursuit_34,2.18329,6.09081,0,0.560810703125,0.5162785609179055,0.36660709977149963,0.8271604938271605,0.0685504600405693,0.36762937903404236,0.10808518528938293,0.990054726600647,MatchingPursuit,10,0.5,648
DAG_RANDOM_WALK,MatchingPursuit_35,2.17834,5.81816,0,0.589608359375,0.5819890959523948,0.3748720586299896,0.7307098765432098,0.12583965063095093,0.34796255826950073,0.1711595505475998,0.9948741793632507,MatchingPursuit,10,0.5,1296
DAG_RANDOM_WALK,MatchingPursuit_4,2.17894,2.24965,0,0.4421125,0.23854882277914813,0.3659732937812805,0.8287037037037037,0.14277003705501556,0.3069249093532562,0.1783166527748108,0.9957711696624756,MatchingPursuit,3,0.5,648
DAG_RANDOM_WALK,MatchingPursuit_5,2.18695,2.23093,18,0.4836357421875,0.27798875610882845,0.3707432746887207,0.7137345679012346,0.2430730015039444,0.29009681940078735,0.2394522726535797,0.9974108934402466,MatchingPursuit,3,0.5,1296
DAG_RANDOM_WALK,MatchingPursuit_6,2.18599,3.97855,0,0.635444609375,0.28801250643455045,0.3446575701236725,0.8055555555555556,0.06171634420752525,0.2346949428319931,0.08976427465677261,0.9928141236305237,MatchingPursuit,4,0.01,648
DAG_RANDOM_WALK,MatchingPursuit_7,2.18454,3.97696,3,0.64105359375,0.27404698092065993,0.3717608153820038,0.7137345679012346,0.2019321471452713,0.2909039258956909,0.2115853875875473,0.9960648417472839,MatchingPursuit,4,0.01,1296
DAG_RANDOM_WALK,MatchingPursuit_8,2.18401,3.77072,0,0.59443171875,0.28691142537361936,0.3468681573867798,0.808641975308642,0.07126263529062271,0.25299111008644104,0.10223045945167542,0.9931716918945312,MatchingPursuit,4,0.1,648
DAG_RANDOM_WALK,MatchingPursuit_9,2.18721,3.76442,8,0.613602578125,0.2944697437981705,0.37449169158935547,0.7160493827160493,0.20232464373111725,0.31551992893218994,0.22368113696575165,0.9963498711585999,MatchingPursuit,4,0.1,1296
HIERARCHICAL_PAIRS,MatchingPursuit_0,1.941,2.45922,0,0.5849958085456207,0.2511425094880545,0.35441702604293823,0.8009259259259259,0.13120663166046143,0.22985689342021942,0.1425444781780243,0.9947404265403748,MatchingPursuit,3,0.01,648
HIERARCHICAL_PAIRS,MatchingPursuit_1,1.93771,2.45967,5,0.6513034459910609,0.35405061163102625,0.3890380859375,0.7199074074074074,0.32060015201568604,0.3065226674079895,0.28639182448387146,0.9975316524505615,MatchingPursuit,3,0.01,1296
HIERARCHICAL_PAIRS,MatchingPursuit_10,1.94515,2.52661,0,0.5303437338166753,0.31623230313961326,0.3894748389720917,0.8533950617283951,0.16903747618198395,0.3720988631248474,0.2055453360080719,0.9957101345062256,MatchingPursuit,4,0.5,648
HIERARCHICAL_PAIRS,MatchingPursuit_11,1.94997,2.43432,3,0.6422044070469252,0.4248408098358665,0.3956647217273712,0.7345679012345679,0.26059773564338684,0.32649123668670654,0.26167598366737366,0.9977577328681946,MatchingPursuit,4,0.5,1296
HIERARCHICAL_PAIRS,MatchingPursuit_12,1.94591,3.93544,0,0.6625007419278253,0.3400127341954091,0.3438798487186432,0.8009259259259259,0.07325398176908493,0.2113843560218811,0.08719208836555481,0.9928202629089355,MatchingPursuit,5,0.01,648
HIERARCHICAL_PAIRS,MatchingPursuit_13,1.94879,3.91209,2,0.8004128521485996,0.3182293448797776,0.3846372067928314,0.7029320987654321,0.2343294769525528,0.2572890520095825,0.21490666270256042,0.9964894652366638,MatchingPursuit,5,0.01,1296
HIERARCHICAL_PAIRS,MatchingPursuit_14,1.94525,3.79404,0,0.6684419964793523,0.35216336167455786,0.3450712561607361,0.7978395061728395,0.07578667998313904,0.21317389607429504,0.09239041060209274,0.99299556016922,MatchingPursuit,5,0.1,648
HIERARCHICAL_PAIRS,MatchingPursuit_15,1.95133,3.76624,0,0.7317704445515126,0.45165751801284915,0.3996131420135498,0.7415123456790124,0.23389053344726562,0.3597155809402466,0.2526169717311859,0.9969232082366943,MatchingPursuit,5,0.1,1296
HIERARCHICAL_PAIRS,MatchingPursuit_16,1.94938,2.94923,0,0.5980206717225329,0.3970895844139213,0.39096197485923767,0.8518518518518519,0.1457456648349762,0.38051873445510864,0.18503758311271667,0.9949540495872498,MatchingPursuit,5,0.5,648
HIERARCHICAL_PAIRS,MatchingPursuit_17,1.93824,2.91687,2,0.6293802939349677,0.4529547843571041,0.39677655696868896,0.7345679012345679,0.22822615504264832,0.3386451005935669,0.24273478984832764,0.9973699450492859,MatchingPursuit,5,0.5,1296
HIERARCHICAL_PAIRS,MatchingPursuit_18,1.94282,4.65242,0,0.7068402247891431,0.3896167915519658,0.34432339668273926,0.7962962962962963,0.06228882074356079,0.20682212710380554,0.07814215123653412,0.9918886423110962,MatchingPursuit,6,0.01,648
HIERARCHICAL_PAIRS,MatchingPursuit_19,1.94547,4.65578,0,0.8550280777968703,0.36106743390895446,0.3771052956581116,0.6975308641975309,0.19468991458415985,0.2400636523962021,0.18776564300060272,0.9958648681640625,MatchingPursuit,6,0.01,1296
HIERARCHICAL_PAIRS,MatchingPursuit_2,1.93944,2.39804,0,0.5614455482297811,0.2402514477758546,0.35533905029296875,0.8024691358024691,0.13280317187309265,0.23079195618629456,0.14482247829437256,0.9955154061317444,MatchingPursuit,3,0.1,648
HIERARCHICAL_PAIRS,MatchingPursuit_20,1.9434,4.49244,0,0.688434347982709,0.3870420985296137,0.3437660038471222,0.8070987654320988,0.05528271570801735,0.1989063173532486,0.07077759504318237,0.9919219017028809,MatchingPursuit,6,0.1,648
HIERARCHICAL_PAIRS,MatchingPursuit_21,1.93733,4.46642,0,0.7732516775475977,0.46485256921569806,0.3980894684791565,0.7376543209876543,0.20090548694133759,0.3476550579071045,0.22524461150169373,0.9962025284767151,MatchingPursuit,6,0.1,1296
HIERARCHICAL_PAIRS,MatchingPursuit_22,1.95302,3.46203,0,0.5879308754434425,0.42018614254450737,0.3919219970703125,0.8472222222222222,0.12994994223117828,0.38918814063072205,0.16758930683135986,0.9944528937339783,MatchingPursuit,6,0.5,648
HIERARCHICAL_PAIRS,MatchingPursuit_23,1.94365,3.27693,0,0.6751057294856093,0.5152845235179729,0.3983291983604431,0.7430555555555556,0.2048500031232834,0.35359734296798706,0.2305157333612442,0.9971556663513184,MatchingPursuit,6,0.5,1296
HIERARCHICAL_PAIRS,MatchingPursuit_24,1.95326,5.40435,0,0.7298828257406278,0.4338566485489789,0.3445470929145813,0.7962962962962963,0.05234801396727562,0.21257132291793823,0.06754371523857117,0.9910067319869995,MatchingPursuit,7,0.01,648
HIERARCHICAL_PAIRS,MatchingPursuit_25,1.9432,5.37939,0,0.8744703821396561,0.3662461354626285,0.3691561818122864,0.6728395061728395,0.1636911928653717,0.22039876878261566,0.1577673852443695,0.9948511719703674,MatchingPursuit,7,0.01,1296
HIERARCHICAL_PAIRS,MatchingPursuit_26,1.95165,5.17528,0,0.7186609836503272,0.4343872148413962,0.3448623716831207,0.7901234567901234,0.04826148599386215,0.20582039654254913,0.0638837143778801,0.9912375807762146,MatchingPursuit,7,0.1,648
HIERARCHICAL_PAIRS,MatchingPursuit_27,1.94631,5.14871,0,0.7783263290473605,0.5132938145781163,0.3979087173938751,0.7384259259259259,0.18199914693832397,0.35479190945625305,0.2113252580165863,0.9956318140029907,MatchingPursuit,7,0.1,1296
HIERARCHICAL_PAIRS,MatchingPursuit_28,1.93293,3.87744,0,0.617721679834077,0.4619748548607331,0.39330747723579407,0.8533950617283951,0.11291595548391342,0.4021664261817932,0.1524871289730072,0.9937037825584412,MatchingPursuit,7,0.5,648
HIERARCHICAL_PAIRS,MatchingPursuit_29,1.95005,3.68305,0,0.6892683624195188,0.5508094906528622,0.399426132440567,0.7415123456790124,0.1864427775144577,0.35743480920791626,0.2161092460155487,0.9968757033348083,MatchingPursuit,7,0.5,1296
HIERARCHICAL_PAIRS,MatchingPursuit_3,1.95046,2.39702,2,0.6497571990903915,0.3516344415309307,0.39291173219680786,0.7229938271604939,0.3248186409473419,0.3105599880218506,0.29004019498825073,0.9977148771286011,MatchingPursuit,3,0.1,1296
HIERARCHICAL_PAIRS,MatchingPursuit_30,1.93192,7.56021,0,0.7797694555667063,0.5346283690936577,0.34184110164642334,0.8101851851851852,0.032530251890420914,0.21243254840373993,0.04687011241912842,0.9873837232589722,MatchingPursuit,10,0.01,648
HIERARCHICAL_PAIRS,MatchingPursuit_31,1.94599,7.55584,0,0.8764368377258525,0.5614936718731507,0.3540273904800415,0.6535493827160493,0.09533575922250748,0.21138150990009308,0.10728400200605392,0.9933574199676514,MatchingPursuit,10,0.01,1296
HIERARCHICAL_PAIRS,MatchingPursuit_32,1.94181,7.2413,0,0.7772072527120585,0.542445557478427,0.34384867548942566,0.7777777777777778,0.03546065092086792,0.21378980576992035,0.050122637301683426,0.9878119230270386,MatchingPursuit,10,0.1,648
HIERARCHICAL_PAIRS,MatchingPursuit_33,1.94081,7.14235,0,0.8249285039038059,0.6175573210184906,0.3958284258842468,0.7314814814814815,0.13231195509433746,0.36731889843940735,0.16840970516204834,0.9942878484725952,MatchingPursuit,10,0.1,1296
HIERARCHICAL_PAIRS,MatchingPursuit_34,1.9371,5.18831,0,0.6512384308220299,0.5433771981223459,0.3887929618358612,0.8641975308641975,0.08191762119531631,0.4122662842273712,0.1195886880159378,0.9918800592422485,MatchingPursuit,10,0.5,648
HIERARCHICAL_PAIRS,MatchingPursuit_35,1.9506,4.75469,0,0.7148590444695199,0.6365243634868214,0.39957818388938904,0.7438271604938271,0.14605416357517242,0.36866092681884766,0.18291369080543518,0.9961063861846924,MatchingPursuit,10,0.5,1296
HIERARCHICAL_PAIRS,MatchingPursuit_4,1.94157,2.02483,0,0.5084050127127862,0.27413418981819626,0.38844844698905945,0.8564814814814815,0.20286394655704498,0.36296525597572327,0.23046979308128357,0.9963287711143494,MatchingPursuit,3,0.5,648
HIERARCHICAL_PAIRS,MatchingPursuit_5,1.95284,1.9658,4,0.617903850171198,0.37333995347795734,0.3952080011367798,0.7299382716049383,0.31967437267303467,0.3085530698299408,0.2864397168159485,0.9979658722877502,MatchingPursuit,3,0.5,1296
HIERARCHICAL_PAIRS,MatchingPursuit_6,1.93802,3.18816,0,0.6345655841651078,0.2982688218342844,0.34726956486701965,0.8055555555555556,0.09007057547569275,0.21833732724189758,0.10551093518733978,0.9939168095588684,MatchingPursuit,4,0.01,648
HIERARCHICAL_PAIRS,MatchingPursuit_7,1.95047,3.19216,2,0.6990301548423041,0.37579743899693296,0.3924240171909332,0.7222222222222222,0.27702856063842773,0.3096505105495453,0.2613813579082489,0.9971555471420288,MatchingPursuit,4,0.01,1296
HIERARCHICAL_PAIRS,MatchingPursuit_8,1.95058,3.10039,0,0.6234760833910599,0.3063750940569778,0.35160404443740845,0.7993827160493827,0.10107249021530151,0.22935862839221954,0.11837220937013626,0.9944884777069092,MatchingPursuit,4,0.1,648
HIERARCHICAL_PAIRS,MatchingPursuit_9,1.94838,3.07953,2,0.7058404379877103,0.39953157016549123,0.39858388900756836,0.7445987654320988,0.2754221260547638,0.3388640880584717,0.2744913697242737,0.997353732585907,MatchingPursuit,4,0.1,1296
POWER_LAW_DIGRAPH,MatchingPursuit_0,10.30559,2.97998,0,0.5440766038314698,0.22976430684523785,0.37174567580223083,0.8379629629629629,0.10111074149608612,0.05596373975276947,0.06806405633687973,0.9882022142410278,MatchingPursuit,3,0.01,648
POWER_LAW_DIGRAPH,MatchingPursuit_1,10.28176,2.98019,0,0.5526174364062326,0.2572277372924877,0.4550674855709076,0.8734567901234568,0.3093923330307007,0.07943412661552429,0.12151910364627838,0.9909413456916809,MatchingPursuit,3,0.01,1296
POWER_LAW_DIGRAPH,MatchingPursuit_10,10.29977,3.92727,0,0.5329392499848459,0.2998655691597052,0.43789175152778625,0.9305555555555556,0.1552242487668991,0.11786635220050812,0.12943291664123535,0.9876382946968079,MatchingPursuit,4,0.5,648
POWER_LAW_DIGRAPH,MatchingPursuit_11,10.30525,3.92353,0,0.5763743686868686,0.34707683174653425,0.4644603133201599,0.904320987654321,0.2616637945175171,0.10557710379362106,0.14611288905143738,0.9906215071678162,MatchingPursuit,4,0.5,1296
POWER_LAW_DIGRAPH,MatchingPursuit_12,10.31992,4.95966,0,0.645844500022728,0.3386356183375907,0.35422757267951965,0.8148148148148148,0.05487355962395668,0.05162068456411362,0.050597332417964935,0.9850220680236816,MatchingPursuit,5,0.01,648
POWER_LAW_DIGRAPH,MatchingPursuit_13,10.30522,4.95813,0,0.7623363985071009,0.2217410441224439,0.4448338747024536,0.8518518518518519,0.22675490379333496,0.06466208398342133,0.09142476320266724,0.9892022609710693,MatchingPursuit,5,0.01,1296
POWER_LAW_DIGRAPH,MatchingPursuit_14,10.32764,4.95698,0,0.6426810746484134,0.33849649993690234,0.35611453652381897,0.816358024691358,0.058048758655786514,0.05334758758544922,0.053111400455236435,0.9847137331962585,MatchingPursuit,5,0.1,648
POWER_LAW_DIGRAPH,MatchingPursuit_15,10.30125,4.9512,0,0.6523343989576074,0.3584847951000112,0.47586438059806824,0.9359567901234568,0.24961775541305542,0.10692662000656128,0.14447584748268127,0.989861786365509,MatchingPursuit,5,0.1,1296
POWER_LAW_DIGRAPH,MatchingPursuit_16,10.32604,4.90336,0,0.5714350337257478,0.35065193424438834,0.4375998377799988,0.9382716049382716,0.13958710432052612,0.12958471477031708,0.12965036928653717,0.9862838387489319,MatchingPursuit,5,0.5,648
POWER_LAW_DIGRAPH,MatchingPursuit_17,10.2965,4.89738,0,0.6167613643534318,0.4044493615508762,0.46595120429992676,0.9089506172839507,0.23116175830364227,0.11594519019126892,0.14981384575366974,0.9901480078697205,MatchingPursuit,5,0.5,1296
POWER_LAW_DIGRAPH,MatchingPursuit_18,10.31385,5.9509,0,0.6823847054903109,0.3840145001291496,0.3513578176498413,0.816358024691358,0.04969384893774986,0.05656597763299942,0.05057298392057419,0.9837421178817749,MatchingPursuit,6,0.01,648
POWER_LAW_DIGRAPH,MatchingPursuit_19,10.30537,5.94866,0,0.8231043972341994,0.2623430011486798,0.4280908405780792,0.7986111111111112,0.18489713966846466,0.058835793286561966,0.07962315529584885,0.9882465600967407,MatchingPursuit,6,0.01,1296
POWER_LAW_DIGRAPH,MatchingPursuit_2,10.29925,2.97689,0,0.5406609831359931,0.2321560066711582,0.37327688932418823,0.8425925925925926,0.10635197162628174,0.057375114411115646,0.07078830152750015,0.9880916476249695,MatchingPursuit,3,0.1,648
POWER_LAW_DIGRAPH,MatchingPursuit_20,10.29146,5.94116,0,0.6794598610297238,0.3856967421562991,0.354638010263443,0.8333333333333334,0.05166955664753914,0.056990571320056915,0.051701951771974564,0.9835323691368103,MatchingPursuit,6,0.1,648
POWER_LAW_DIGRAPH,MatchingPursuit_21,10.2774,5.93779,0,0.7077612518566795,0.38700651292830424,0.4739297032356262,0.9259259259259259,0.2206592857837677,0.10733131319284439,0.1379569172859192,0.9891380071640015,MatchingPursuit,6,0.1,1296
POWER_LAW_DIGRAPH,MatchingPursuit_22,10.30999,5.87368,0,0.6037837303791843,0.39676153366908884,0.43721309304237366,0.9367283950617284,0.12096482515335083,0.13683916628360748,0.1234867051243782,0.9851718544960022,MatchingPursuit,6,0.5,648
POWER_LAW_DIGRAPH,MatchingPursuit_23,10.29349,5.86117,0,0.6512628163893074,0.4568415179400648,0.4688686728477478,0.9151234567901234,0.21227504312992096,0.1239616721868515,0.15149305760860443,0.9894417524337769,MatchingPursuit,6,0.5,1296
POWER_LAW_DIGRAPH,MatchingPursuit_24,10.31279,6.93744,0,0.7093016004233778,0.4277546084570757,0.351013720035553,0.7947530864197531,0.04278750345110893,0.05632893741130829,0.04650498181581497,0.9820654392242432,MatchingPursuit,7,0.01,648
POWER_LAW_DIGRAPH,MatchingPursuit_25,10.27708,6.93388,0,0.8792551273404267,0.29096561836435575,0.4122907817363739,0.7800925925925926,0.14915823936462402,0.05315803736448288,0.06724212318658829,0.9875138998031616,MatchingPursuit,7,0.01,1296
POWER_LAW_DIGRAPH,MatchingPursuit_26,10.34613,6.93227,0,0.7087906522024519,0.428526518022188,0.3486633598804474,0.7901234567901234,0.042454395443201065,0.05500383675098419,0.045735154300928116,0.9820813536643982,MatchingPursuit,7,0.1,648
POWER_LAW_DIGRAPH,MatchingPursuit_27,10.31382,6.92404,0,0.7354155827263268,0.4255751212444233,0.47125324606895447,0.9197530864197531,0.1979316920042038,0.10921654850244522,0.13393323123455048,0.988345205783844,MatchingPursuit,7,0.1,1296
POWER_LAW_DIGRAPH,MatchingPursuit_28,10.3009,6.84435,0,0.6313931647136074,0.43869304913160656,0.43810898065567017,0.9382716049382716,0.11206094920635223,0.14717577397823334,0.12263716012239456,0.9837251901626587,MatchingPursuit,7,0.5,648
POWER_LAW_DIGRAPH,MatchingPursuit_29,10.30882,6.8356,0,0.6791011207236045,0.5025177251219116,0.46941226720809937,0.9197530864197531,0.1918685883283615,0.1306716948747635,0.15015104413032532,0.9888113737106323,MatchingPursuit,7,0.5,1296
POWER_LAW_DIGRAPH,MatchingPursuit_3,10.32005,2.97659,0,0.5584908615132809,0.26035121701966,0.45945724844932556,0.8780864197530864,0.3102664351463318,0.08215095847845078,0.12565544247627258,0.9909498691558838,MatchingPursuit,3,0.1,1296
POWER_LAW_DIGRAPH,MatchingPursuit_30,10.33944,9.90528,0,0.7695908554639342,0.5379375689613868,0.34710654616355896,0.8225308641975309,0.03310802951455116,0.06380540877580643,0.04189310595393181,0.977552056312561,MatchingPursuit,10,0.01,648
POWER_LAW_DIGRAPH,MatchingPursuit_31,10.29852,9.90518,0,0.8676814095537798,0.526389218397858,0.38006022572517395,0.7044753086419753,0.0839889869093895,0.05464909225702286,0.05761643499135971,0.9851939082145691,MatchingPursuit,10,0.01,1296
POWER_LAW_DIGRAPH,MatchingPursuit_32,10.29538,9.89451,0,0.7700920592068046,0.5383565287865304,0.3460312783718109,0.808641975308642,0.03561778366565704,0.0676557868719101,0.0444963313639164,0.9776567816734314,MatchingPursuit,10,0.1,648
POWER_LAW_DIGRAPH,MatchingPursuit_33,10.29961,9.88002,0,0.791369661968913,0.5590451184152783,0.4701095521450043,0.9174382716049383,0.15152280032634735,0.12310904264450073,0.1288203001022339,0.9863319993019104,MatchingPursuit,10,0.1,1296
POWER_LAW_DIGRAPH,MatchingPursuit_34,10.28917,9.74776,0,0.6932541621220384,0.544357064297183,0.43606728315353394,0.9367283950617284,0.09002777934074402,0.16523043811321259,0.11240943521261215,0.9795567989349365,MatchingPursuit,10,0.5,648
POWER_LAW_DIGRAPH,MatchingPursuit_35,10.29315,9.71371,0,0.7445869249969683,0.6174906648437177,0.47289013862609863,0.9266975308641975,0.15390291810035706,0.14655852317810059,0.14479342103004456,0.9868723750114441,MatchingPursuit,10,0.5,1296
POWER_LAW_DIGRAPH,MatchingPursuit_4,10.31123,2.95287,0,0.4842370441458733,0.24276045874386598,0.43609166145324707,0.9475308641975309,0.18368321657180786,0.10484037548303604,0.12947270274162292,0.9890421032905579,MatchingPursuit,3,0.5,648
POWER_LAW_DIGRAPH,MatchingPursuit_5,10.31157,2.95292,0,0.5251549768015994,0.28202246474140524,0.46038761734962463,0.8881172839506173,0.3002612590789795,0.09308665245771408,0.1388552188873291,0.991228461265564,MatchingPursuit,3,0.5,1296
POWER_LAW_DIGRAPH,MatchingPursuit_6,10.28834,3.96931,0,0.6009785611823297,0.28679324498974434,0.3579407334327698,0.8395061728395061,0.07278474420309067,0.053987421095371246,0.05904528126120567,0.9864729046821594,MatchingPursuit,4,0.01,648
POWER_LAW_DIGRAPH,MatchingPursuit_7,10.31825,3.96939,0,0.640314756602535,0.27058897027179585,0.4598504602909088,0.8896604938271605,0.2775786817073822,0.08198000490665436,0.11980891227722168,0.9901249408721924,MatchingPursuit,4,0.01,1296
POWER_LAW_DIGRAPH,MatchingPursuit_8,10.30334,3.96399,0,0.5990225138686796,0.2879054093880248,0.36107733845710754,0.8179012345679012,0.07547489553689957,0.055382341146469116,0.060522109270095825,0.9865239262580872,MatchingPursuit,4,0.1,648
POWER_LAW_DIGRAPH,MatchingPursuit_9,10.3082,3.96498,0,0.6295655756432784,0.28737182294638364,0.4736109673976898,0.9251543209876543,0.2843855023384094,0.09507738798856735,0.13767527043819427,0.9904620051383972,MatchingPursuit,4,0.1,1296
SIMPLICIAL_COMPLEX,MatchingPursuit_0,76.00795,2.98034,0,0.5400836709226698,0.22575053670755674,0.3528529107570648,0.808641975308642,0.11278820037841797,0.008580991066992283,0.015712829306721687,0.9377433657646179,MatchingPursuit,3,0.01,648
SIMPLICIAL_COMPLEX,MatchingPursuit_1,76.08807,2.98028,0,0.5362395879623083,0.2415048959704763,0.3894854784011841,0.7407407407407407,0.19488216936588287,0.006677018944174051,0.012605045922100544,0.9388858079910278,MatchingPursuit,3,0.01,1296
SIMPLICIAL_COMPLEX,MatchingPursuit_10,75.90423,1.00056,0,0.31244130210857973,0.09493796984606517,0.383488267660141,0.8549382716049383,0.19511865079402924,0.0050621796399354935,0.009827041067183018,0.9387818574905396,MatchingPursuit,4,0.5,648
SIMPLICIAL_COMPLEX,MatchingPursuit_11,75.91451,1.00032,0,0.32809396014024494,0.1083992026579006,0.3942664563655853,0.7615740740740741,0.24911673367023468,0.0033385194838047028,0.006574386265128851,0.9400026202201843,MatchingPursuit,4,0.5,1296
SIMPLICIAL_COMPLEX,MatchingPursuit_12,75.86656,4.9582,0,0.6432491410236977,0.33557381780039697,0.3444322645664215,0.8009259259259259,0.09583410620689392,0.012333960272371769,0.02151220478117466,0.9353311061859131,MatchingPursuit,5,0.01,648
SIMPLICIAL_COMPLEX,MatchingPursuit_13,75.84611,4.95761,0,0.7575711839060716,0.20492024531762598,0.38193294405937195,0.7253086419753086,0.15737086534500122,0.007585004437714815,0.01309878844767809,0.9380307793617249,MatchingPursuit,5,0.01,1296
SIMPLICIAL_COMPLEX,MatchingPursuit_14,76.0681,4.93193,0,0.6398456195664247,0.3353001697427096,0.34503310918807983,0.7978395061728395,0.0937885195016861,0.012276065535843372,0.0213072057813406,0.9352916479110718,MatchingPursuit,5,0.1,648
SIMPLICIAL_COMPLEX,MatchingPursuit_15,75.91859,4.92519,0,0.6331892080694365,0.34085681541539836,0.4009857177734375,0.7893518518518519,0.17888443171977997,0.010372902266681194,0.01905849017202854,0.9381232261657715,MatchingPursuit,5,0.1,1296
SIMPLICIAL_COMPLEX,MatchingPursuit_16,75.96405,1.00045,0,0.31267641383709766,0.09484724724643412,0.3858587145805359,0.8549382716049383,0.19691374897956848,0.0050753275863826275,0.009859942831099033,0.9394107460975647,MatchingPursuit,5,0.5,648
SIMPLICIAL_COMPLEX,MatchingPursuit_17,75.92822,1.00031,1,0.32830434466999947,0.10810438030453551,0.3955065906047821,0.7685185185185185,0.24838334321975708,0.003329025348648429,0.006554844789206982,0.9400163888931274,MatchingPursuit,5,0.5,1296
SIMPLICIAL_COMPLEX,MatchingPursuit_18,75.94928,5.95105,0,0.6807347841619454,0.38219810092401074,0.3422470688819885,0.7731481481481481,0.09201793372631073,0.014397461898624897,0.024471398442983627,0.9338635802268982,MatchingPursuit,6,0.01,648
SIMPLICIAL_COMPLEX,MatchingPursuit_19,75.80465,5.95022,0,0.8192564113245274,0.2503818803663249,0.3749334514141083,0.7260802469135802,0.1435607671737671,0.008383461274206638,0.01418447308242321,0.9369480609893799,MatchingPursuit,6,0.01,1296
SIMPLICIAL_COMPLEX,MatchingPursuit_2,76.12369,2.97528,0,0.535149308430347,0.2275653368051026,0.3530521094799042,0.8148148148148148,0.11695174127817154,0.008814243599772453,0.016178397461771965,0.9371078610420227,MatchingPursuit,3,0.1,648
SIMPLICIAL_COMPLEX,MatchingPursuit_20,75.81961,5.89694,0,0.67466300845446,0.381338323408983,0.34351179003715515,0.7978395061728395,0.08931536972522736,0.01341311912983656,0.022981440648436546,0.9320318698883057,MatchingPursuit,6,0.1,648
SIMPLICIAL_COMPLEX,MatchingPursuit_21,76.09223,5.89052,0,0.6882896585103591,0.37259034070796715,0.3983957767486572,0.7839506172839507,0.16749894618988037,0.011114662513136864,0.02006855048239231,0.9369894862174988,MatchingPursuit,6,0.1,1296
SIMPLICIAL_COMPLEX,MatchingPursuit_22,76.16067,1.00041,0,0.3134331726544588,0.09509935800578795,0.38430729508399963,0.8703703703703703,0.19285662472248077,0.0049193985760211945,0.009562150575220585,0.9387893676757812,MatchingPursuit,6,0.5,648
SIMPLICIAL_COMPLEX,MatchingPursuit_23,75.82846,1.00038,0,0.32868421393249686,0.10849270440267911,0.39708855748176575,0.7785493827160493,0.24802973866462708,0.003344250377267599,0.006583378650248051,0.9401854276657104,MatchingPursuit,6,0.5,1296
SIMPLICIAL_COMPLEX,MatchingPursuit_24,75.77916,6.94144,0,0.7069583510058167,0.42547790724641676,0.34244391322135925,0.8209876543209876,0.08629924803972244,0.015665076673030853,0.026023661717772484,0.9318753480911255,MatchingPursuit,7,0.01,648
SIMPLICIAL_COMPLEX,MatchingPursuit_25,75.80775,6.93988,0,0.8795392630632815,0.27908667718376445,0.36678454279899597,0.6782407407407407,0.1276468187570572,0.008861315436661243,0.014410004019737244,0.9363674521446228,MatchingPursuit,7,0.01,1296
SIMPLICIAL_COMPLEX,MatchingPursuit_26,76.12155,6.84351,0,0.7029258001444021,0.4243418630291509,0.34472134709358215,0.8040123456790124,0.08745495975017548,0.01566503383219242,0.0261289831250906,0.9317349195480347,MatchingPursuit,7,0.1,648
SIMPLICIAL_COMPLEX,MatchingPursuit_27,75.9113,6.84091,0,0.7157624500181752,0.4114032749698089,0.3982902467250824,0.7885802469135802,0.1591879427433014,0.012563340365886688,0.022204570472240448,0.9368922114372253,MatchingPursuit,7,0.1,1296
SIMPLICIAL_COMPLEX,MatchingPursuit_28,75.95714,1.00047,0,0.31321127995278253,0.09447443137857037,0.38402146100997925,0.8703703703703703,0.18961572647094727,0.004889101721346378,0.009494151920080185,0.9396828413009644,MatchingPursuit,7,0.5,648
SIMPLICIAL_COMPLEX,MatchingPursuit_29,75.97096,1.00045,0,0.32854010488720475,0.1086382137754458,0.39725908637046814,0.783179012345679,0.2543594539165497,0.003385026240721345,0.006665843538939953,0.9396206736564636,MatchingPursuit,7,0.5,1296
SIMPLICIAL_COMPLEX,MatchingPursuit_3,75.89966,2.97316,0,0.5397731362451635,0.24429914271051034,0.39155152440071106,0.7584876543209876,0.194783017039299,0.0069051459431648254,0.01309983804821968,0.9388431310653687,MatchingPursuit,3,0.1,1296
SIMPLICIAL_COMPLEX,MatchingPursuit_30,75.60294,9.90819,0,0.7687144979642764,0.535945815044903,0.34394901990890503,0.7901234567901234,0.07997670769691467,0.021004632115364075,0.03258635848760605,0.9285604357719421,MatchingPursuit,10,0.01,648
SIMPLICIAL_COMPLEX,MatchingPursuit_31,75.99181,9.90829,0,0.8677091909796236,0.5204103941295598,0.35174861550331116,0.6604938271604939,0.09988584369421005,0.011212581768631935,0.018735915422439575,0.9347590804100037,MatchingPursuit,10,0.01,1296
SIMPLICIAL_COMPLEX,MatchingPursuit_32,75.80318,9.53399,0,0.7587009642889633,0.531288027316412,0.34322667121887207,0.7824074074074074,0.07955373823642731,0.01977374218404293,0.031099913641810417,0.9286983013153076,MatchingPursuit,10,0.1,648
SIMPLICIAL_COMPLEX,MatchingPursuit_33,75.99555,9.47455,0,0.7666765476154398,0.5431386430378947,0.3975900709629059,0.7746913580246914,0.14298921823501587,0.015892628580331802,0.02742132730782032,0.9350541830062866,MatchingPursuit,10,0.1,1296
SIMPLICIAL_COMPLEX,MatchingPursuit_34,75.69552,1.00038,0,0.313808434382069,0.09450453668756786,0.3849553167819977,0.8395061728395061,0.1887895166873932,0.00480705825611949,0.009340091608464718,0.9389467835426331,MatchingPursuit,10,0.5,648
SIMPLICIAL_COMPLEX,MatchingPursuit_35,75.94757,1.00038,0,0.3291872404118063,0.10900765695966474,0.3982987701892853,0.7924382716049383,0.25505250692367554,0.00340074161067605,0.006698311772197485,0.9402352571487427,MatchingPursuit,10,0.5,1296
SIMPLICIAL_COMPLEX,MatchingPursuit_4,75.96322,1.00045,0,0.3119814911346265,0.09518915409620365,0.3843640983104706,0.8549382716049383,0.1988370269536972,0.005110489204525948,0.009929005987942219,0.938946545124054,MatchingPursuit,3,0.5,648
SIMPLICIAL_COMPLEX,MatchingPursuit_5,75.80305,1.00027,1,0.32743427342558074,0.10766902781002763,0.39305439591407776,0.7646604938271605,0.24255651235580444,0.0033073020167648792,0.006510572042316198,0.9404129385948181,MatchingPursuit,3,0.5,1296
SIMPLICIAL_COMPLEX,MatchingPursuit_6,76.12078,3.97093,0,0.5976468621567994,0.2836686613503405,0.35045748949050903,0.7962962962962963,0.10302577912807465,0.010594295337796211,0.018916742876172066,0.9358088970184326,MatchingPursuit,4,0.01,648
SIMPLICIAL_COMPLEX,MatchingPursuit_7,75.98565,3.96924,0,0.6218712194016205,0.2580402578068842,0.39161455631256104,0.7685185185185185,0.18214693665504456,0.007659221068024635,0.014133778400719166,0.9381598830223083,MatchingPursuit,4,0.01,1296
SIMPLICIAL_COMPLEX,MatchingPursuit_8,75.90947,3.95886,0,0.5948490837656701,0.2836438933382195,0.35014039278030396,0.8194444444444444,0.1003645658493042,0.010317163541913033,0.018414035439491272,0.9364633560180664,MatchingPursuit,4,0.1,648
SIMPLICIAL_COMPLEX,MatchingPursuit_9,75.99955,3.95436,0,0.6111150313450328,0.26983754275692795,0.3982349932193756,0.7908950617283951,0.19008418917655945,0.008593414910137653,0.015803208574652672,0.9382563233375549,MatchingPursuit,4,0.1,1296
SPARSE_UNIFORM,MatchingPursuit_0,2.46473,2.83498,0,0.569937716832157,0.24336655037522614,0.3671876788139343,0.845679012345679,0.1314997524023056,0.24492867290973663,0.14389245212078094,0.9941826462745667,MatchingPursuit,3,0.01,648
SPARSE_UNIFORM,MatchingPursuit_1,2.46592,2.83228,0,0.6239606518769659,0.3345938357608341,0.43421292304992676,0.8402777777777778,0.3385343551635742,0.3633047640323639,0.3169311583042145,0.9973191618919373,MatchingPursuit,3,0.01,1296
SPARSE_UNIFORM,MatchingPursuit_10,2.46845,3.21519,0,0.5368268183056388,0.3134031108205442,0.4187263250350952,0.8996913580246914,0.14705394208431244,0.4054897427558899,0.18937237560749054,0.9946175813674927,MatchingPursuit,4,0.5,648
SPARSE_UNIFORM,MatchingPursuit_11,2.4623,3.13145,0,0.6239741823409608,0.40447027539306235,0.4403669238090515,0.8695987654320988,0.2614903748035431,0.40244966745376587,0.2853984832763672,0.9974194765090942,MatchingPursuit,4,0.5,1296
SPARSE_UNIFORM,MatchingPursuit_12,2.45532,4.66618,0,0.6619900909407552,0.33970784916263286,0.3513864576816559,0.8040123456790124,0.06906980276107788,0.21843808889389038,0.08497483283281326,0.9915240406990051,MatchingPursuit,5,0.01,648
SPARSE_UNIFORM,MatchingPursuit_13,2.4648,4.6543,0,0.8009076420556578,0.28607251677775736,0.42520901560783386,0.8117283950617284,0.25056225061416626,0.3013828992843628,0.24061836302280426,0.9957530498504639,MatchingPursuit,5,0.01,1296
SPARSE_UNIFORM,MatchingPursuit_14,2.4588,4.57857,0,0.6536925864180729,0.34334419872734534,0.3503985106945038,0.7993827160493827,0.06676989048719406,0.2095729261636734,0.08304087072610855,0.9915825128555298,MatchingPursuit,5,0.1,648
SPARSE_UNIFORM,MatchingPursuit_15,2.45408,4.55441,0,0.7174152979856788,0.43112463827712666,0.4506791830062866,0.8927469135802469,0.23144400119781494,0.4214271605014801,0.2660573422908783,0.9964783191680908,MatchingPursuit,5,0.1,1296
SPARSE_UNIFORM,MatchingPursuit_16,2.46048,3.88571,0,0.5879411634526339,0.3787410972794375,0.41860485076904297,0.8935185185185185,0.12730014324188232,0.41522279381752014,0.1686377376317978,0.9933962225914001,MatchingPursuit,5,0.5,648
SPARSE_UNIFORM,MatchingPursuit_17,2.45246,3.81991,0,0.641121135811282,0.4499126699877237,0.4416501224040985,0.871141975308642,0.22426508367061615,0.4187362492084503,0.2587481439113617,0.9969284534454346,MatchingPursuit,5,0.5,1296
SPARSE_UNIFORM,MatchingPursuit_18,2.46082,5.58372,0,0.6958499250947031,0.3858810373272047,0.3499782383441925,0.7916666666666666,0.052313804626464844,0.21043294668197632,0.06978235393762589,0.9901749491691589,MatchingPursuit,6,0.01,648
SPARSE_UNIFORM,MatchingPursuit_19,2.46635,5.58448,0,0.8382564763178206,0.340030420693048,0.4104951024055481,0.7739197530864198,0.19790178537368774,0.27813389897346497,0.19813142716884613,0.9950311183929443,MatchingPursuit,6,0.01,1296
SPARSE_UNIFORM,MatchingPursuit_2,2.46151,2.79144,0,0.567111187465266,0.24097504707199646,0.37239959836006165,0.8379629629629629,0.14047014713287354,0.25808048248291016,0.15375873446464539,0.9947230815887451,MatchingPursuit,3,0.1,648
SPARSE_UNIFORM,MatchingPursuit_20,2.46367,5.46711,0,0.6870802387294971,0.3854079235232335,0.34850531816482544,0.7762345679012346,0.06043342128396034,0.20711034536361694,0.07490809261798859,0.990399181842804,MatchingPursuit,6,0.1,648
SPARSE_UNIFORM,MatchingPursuit_21,2.45929,5.43401,0,0.7617283186177914,0.45159444016811356,0.44850367307662964,0.8811728395061729,0.20144538581371307,0.41599687933921814,0.23834501206874847,0.9956701993942261,MatchingPursuit,6,0.1,1296
SPARSE_UNIFORM,MatchingPursuit_22,2.47159,4.60861,0,0.6219811670384071,0.41348032663699263,0.418177992105484,0.8950617283950617,0.11413925886154175,0.41631683707237244,0.15141792595386505,0.9927459359169006,MatchingPursuit,6,0.5,648
SPARSE_UNIFORM,MatchingPursuit_23,2.46494,4.42716,0,0.6829281884338111,0.5084629055222563,0.44424042105674744,0.8811728395061729,0.20269279181957245,0.435916006565094,0.24360628426074982,0.9965201616287231,MatchingPursuit,6,0.5,1296
SPARSE_UNIFORM,MatchingPursuit_24,2.46747,6.50814,0,0.7205503507313469,0.4286249670802188,0.34634503722190857,0.8040123456790124,0.049667906016111374,0.20944827795028687,0.06310548633337021,0.9887997508049011,MatchingPursuit,7,0.01,648
SPARSE_UNIFORM,MatchingPursuit_25,2.46188,6.47255,0,0.8831528915157522,0.3464806240886409,0.39613720774650574,0.7415123456790124,0.16667194664478302,0.24234715104103088,0.1638961136341095,0.9938493967056274,MatchingPursuit,7,0.01,1296
SPARSE_UNIFORM,MatchingPursuit_26,2.45471,6.34968,0,0.7160871978225771,0.42850767344883745,0.3469647169113159,0.8009259259259259,0.04180049151182175,0.20982851088047028,0.056463822722435,0.9890402555465698,MatchingPursuit,7,0.1,648
SPARSE_UNIFORM,MatchingPursuit_27,2.45647,6.32996,0,0.772472532190011,0.49568754326448483,0.4465350806713104,0.8742283950617284,0.17998915910720825,0.4233608543872833,0.21910586953163147,0.9950516223907471,MatchingPursuit,7,0.1,1296
SPARSE_UNIFORM,MatchingPursuit_28,2.4584,5.27727,0,0.6208302042859786,0.45306670537113325,0.4168323874473572,0.904320987654321,0.09364169836044312,0.4246315062046051,0.13159772753715515,0.991784930229187,MatchingPursuit,7,0.5,648
SPARSE_UNIFORM,MatchingPursuit_29,2.46162,5.05582,0,0.6945481698951426,0.5466083457126896,0.4447883367538452,0.8827160493827161,0.17966744303703308,0.4423031210899353,0.22346022725105286,0.9960770010948181,MatchingPursuit,7,0.5,1296
SPARSE_UNIFORM,MatchingPursuit_3,2.46151,2.78443,2,0.6235453642203833,0.32792322862552137,0.43817591667175293,0.8533950617283951,0.33127865195274353,0.3722422122955322,0.31941914558410645,0.9974111914634705,MatchingPursuit,3,0.1,1296
SPARSE_UNIFORM,MatchingPursuit_30,2.45475,9.22779,0,0.7748323822720726,0.5345135393166252,0.34251755475997925,0.7870370370370371,0.028835764154791832,0.2085430771112442,0.04217873513698578,0.9846174716949463,MatchingPursuit,10,0.01,648
SPARSE_UNIFORM,MatchingPursuit_31,2.45673,9.18962,0,0.8761098843351449,0.5471155144640658,0.368373841047287,0.6797839506172839,0.08657985180616379,0.21963293850421906,0.10040441155433655,0.991864800453186,MatchingPursuit,10,0.01,1296
SPARSE_UNIFORM,MatchingPursuit_32,2.46319,9.02796,0,0.7886222501605546,0.5382385128596447,0.34543952345848083,0.7746913580246914,0.03270207345485687,0.21064800024032593,0.04563172161579132,0.9848389029502869,MatchingPursuit,10,0.1,648
SPARSE_UNIFORM,MatchingPursuit_33,2.45079,8.94727,0,0.8207569947692476,0.6088323043281727,0.4456593990325928,0.8773148148148148,0.12732373178005219,0.43317610025405884,0.1684747040271759,0.993048369884491,MatchingPursuit,10,0.1,1296
SPARSE_UNIFORM,MatchingPursuit_34,2.4489,7.23835,0,0.6833569147052414,0.545737551473491,0.41691550612449646,0.9197530864197531,0.07241352647542953,0.4456043839454651,0.1063794419169426,0.9888060688972473,MatchingPursuit,10,0.5,648
SPARSE_UNIFORM,MatchingPursuit_35,2.46112,6.79882,0,0.728919390108575,0.6401955040390657,0.4479140341281891,0.8989197530864198,0.14147312939167023,0.4639929234981537,0.18791481852531433,0.9948208928108215,MatchingPursuit,10,0.5,1296
SPARSE_UNIFORM,MatchingPursuit_4,2.46179,2.47819,0,0.5074637398468164,0.26310879101229245,0.41885092854499817,0.9089506172839507,0.17911437153816223,0.387562096118927,0.21638323366641998,0.9958906769752502,MatchingPursuit,3,0.5,648
SPARSE_UNIFORM,MatchingPursuit_5,2.46121,2.42969,2,0.6239384094608424,0.3552710076391682,0.4381338059902191,0.8518518518518519,0.32496604323387146,0.3825976550579071,0.32310256361961365,0.9978301525115967,MatchingPursuit,3,0.5,1296
SPARSE_UNIFORM,MatchingPursuit_6,2.46647,3.7496,0,0.623858951507565,0.291782312713731,0.3545302450656891,0.808641975308642,0.08944372832775116,0.20830309391021729,0.10095608979463577,0.9930384159088135,MatchingPursuit,4,0.01,648
SPARSE_UNIFORM,MatchingPursuit_7,2.45475,3.74675,0,0.6940749073781908,0.35514307632726105,0.4373801052570343,0.845679012345679,0.2877068519592285,0.3615249693393707,0.2884176969528198,0.9968312382698059,MatchingPursuit,4,0.01,1296
SPARSE_UNIFORM,MatchingPursuit_8,2.45045,3.68427,0,0.6125082112212301,0.29439047908979354,0.3589071035385132,0.8179012345679012,0.08118521422147751,0.22656193375587463,0.09927384555339813,0.9934974908828735,MatchingPursuit,4,0.1,648
SPARSE_UNIFORM,MatchingPursuit_9,2.45874,3.67223,1,0.689593466255498,0.38117815432177815,0.44780269265174866,0.8842592592592593,0.28063341975212097,0.4045286774635315,0.29811710119247437,0.9970759749412537,MatchingPursuit,4,0.1,1296
SPHERICAL,MatchingPursuit_0,75.25195,3.0,2,0.642623046875,0.29909244547446445,0.3615567088127136,0.8179012345679012,0.17315542697906494,0.014685316942632198,0.026146771386265755,0.939005434513092,MatchingPursuit,3,0.01,648
SPHERICAL,MatchingPursuit_1,75.24554,2.96055,23,0.628154921875,0.4402993681391312,0.40992096066474915,0.8117283950617284,0.17595237493515015,0.014581355266273022,0.02268347144126892,0.9413492679595947,MatchingPursuit,3,0.01,1296
SPHERICAL,MatchingPursuit_10,75.29845,4.0,0,0.543521171875,0.3039382439082253,0.3990684449672699,0.8842592592592593,0.1437588483095169,0.01733854040503502,0.029638664796948433,0.9377275705337524,MatchingPursuit,4,0.5,648
SPHERICAL,MatchingPursuit_11,75.26308,3.92889,0,0.65601390625,0.5234852018243905,0.4165313243865967,0.8325617283950617,0.17515768110752106,0.018334005028009415,0.029196353629231453,0.941015362739563,MatchingPursuit,4,0.5,1296
SPHERICAL,MatchingPursuit_12,75.25271,5.0,0,0.7927853125,0.448719375537336,0.3489721417427063,0.8209876543209876,0.14938923716545105,0.021470192819833755,0.03661884367465973,0.9367589354515076,MatchingPursuit,5,0.01,648
SPHERICAL,MatchingPursuit_13,75.25611,4.95454,1,0.758445,0.24445159834533525,0.4030666947364807,0.7893518518518519,0.1413564383983612,0.008397310972213745,0.014101121574640274,0.939105212688446,MatchingPursuit,5,0.01,1296
SPHERICAL,MatchingPursuit_14,75.25515,5.0,0,0.78484890625,0.44183968714370925,0.3513506352901459,0.8240740740740741,0.14345674216747284,0.021120866760611534,0.035743348300457,0.9366551041603088,MatchingPursuit,5,0.1,648
SPHERICAL,MatchingPursuit_15,75.27809,4.97656,0,0.6449375,0.3440925207294149,0.42350736260414124,0.8587962962962963,0.14782701432704926,0.011010690592229366,0.019004657864570618,0.939343273639679,MatchingPursuit,5,0.1,1296
SPHERICAL,MatchingPursuit_16,75.24139,5.0,0,0.58453703125,0.35711897942332815,0.39721766114234924,0.8765432098765432,0.1344042271375656,0.019623052328824997,0.032979995012283325,0.9365362524986267,MatchingPursuit,5,0.5,648
SPHERICAL,MatchingPursuit_17,75.22788,4.90279,0,0.67795125,0.5432208497686406,0.41843894124031067,0.8364197530864198,0.16336596012115479,0.018519101664423943,0.029866021126508713,0.9403087496757507,MatchingPursuit,5,0.5,1296
SPHERICAL,MatchingPursuit_18,75.26517,6.0,0,0.83791546875,0.5013600066150709,0.347928911447525,0.8148148148148148,0.1685774326324463,0.027777815237641335,0.04677797853946686,0.9359357953071594,MatchingPursuit,6,0.01,648
SPHERICAL,MatchingPursuit_19,75.23759,5.97233,0,0.81822109375,0.2683269395172425,0.3902229070663452,0.7445987654320988,0.12375833094120026,0.009071256034076214,0.014947340823709965,0.938390851020813,MatchingPursuit,6,0.01,1296
SPHERICAL,MatchingPursuit_2,75.28964,3.0,0,0.6352363671875,0.2971507620001659,0.3599376380443573,0.8240740740740741,0.15746821463108063,0.01591704785823822,0.028005322441458702,0.9391179084777832,MatchingPursuit,3,0.1,648
SPHERICAL,MatchingPursuit_20,75.22734,6.0,0,0.8287928125,0.49849992997636805,0.34968170523643494,0.8179012345679012,0.15394970774650574,0.026511486619710922,0.04426473379135132,0.9357715249061584,MatchingPursuit,6,0.1,648
SPHERICAL,MatchingPursuit_21,75.25161,5.97335,0,0.696668515625,0.37652466019889064,0.4213820695877075,0.8557098765432098,0.14655721187591553,0.012024029158055782,0.02085292898118496,0.9387239813804626,MatchingPursuit,6,0.1,1296
SPHERICAL,MatchingPursuit_22,75.26529,6.0,0,0.619719921875,0.4051772937952234,0.3966473639011383,0.8842592592592593,0.13099898397922516,0.021060749888420105,0.035149622708559036,0.9351360201835632,MatchingPursuit,6,0.5,648
SPHERICAL,MatchingPursuit_23,75.23856,5.89255,0,0.6919790625,0.555055833558719,0.41902410984039307,0.8433641975308642,0.15508557856082916,0.01820164918899536,0.02955443412065506,0.939510703086853,MatchingPursuit,6,0.5,1296
SPHERICAL,MatchingPursuit_24,75.2431,7.0,0,0.864564375,0.546542995487122,0.34768009185791016,0.8055555555555556,0.16297267377376556,0.03199170529842377,0.052632831037044525,0.9348256587982178,MatchingPursuit,7,0.01,648
SPHERICAL,MatchingPursuit_25,75.24103,6.99911,0,0.89344265625,0.27576797693012645,0.37997591495513916,0.7191358024691358,0.11218064278364182,0.009523259475827217,0.015379885211586952,0.9376471042633057,MatchingPursuit,7,0.01,1296
SPHERICAL,MatchingPursuit_26,75.26823,7.0,0,0.862015546875,0.5462786542484143,0.3460804522037506,0.7731481481481481,0.1516725867986679,0.028009075671434402,0.0463172048330307,0.9343592524528503,MatchingPursuit,7,0.1,648
SPHERICAL,MatchingPursuit_27,75.24442,6.93997,0,0.726155234375,0.40781944188609254,0.42111799120903015,0.8533950617283951,0.14083774387836456,0.013951889239251614,0.0233430415391922,0.9381926655769348,MatchingPursuit,7,0.1,1296
SPHERICAL,MatchingPursuit_28,75.26533,7.0,0,0.647244609375,0.4464797823805997,0.3989773392677307,0.8873456790123457,0.12454024702310562,0.025447536259889603,0.04083101078867912,0.9340839385986328,MatchingPursuit,7,0.5,648
SPHERICAL,MatchingPursuit_29,75.28841,6.8954,0,0.7231378125,0.6025228472379986,0.41999006271362305,0.8410493827160493,0.16555508971214294,0.023332221433520317,0.03745653107762337,0.9392873644828796,MatchingPursuit,7,0.5,1296
SPHERICAL,MatchingPursuit_3,75.2497,2.95575,15,0.639385078125,0.45220757405640244,0.41265785694122314,0.8024691358024691,0.17526258528232574,0.013998896814882755,0.022176725789904594,0.9412760138511658,MatchingPursuit,3,0.1,1296
SPHERICAL,MatchingPursuit_30,75.28514,9.99999,0,0.922091953125,0.6562641268534293,0.34722816944122314,0.8101851851851852,0.1603545844554901,0.044755805283784866,0.06868647783994675,0.9316865801811218,MatchingPursuit,10,0.01,648
SPHERICAL,MatchingPursuit_31,75.25538,9.9781,0,0.89447015625,0.5417591043444643,0.35915786027908325,0.6705246913580247,0.09870931506156921,0.012747054919600487,0.020751381292939186,0.9356998205184937,MatchingPursuit,10,0.01,1296
SPHERICAL,MatchingPursuit_32,75.25854,10.0,0,0.91761671875,0.6522195450787305,0.3455445170402527,0.8317901234567902,0.13863100111484528,0.03899962455034256,0.05977649986743927,0.9310007095336914,MatchingPursuit,10,0.1,648
SPHERICAL,MatchingPursuit_33,75.26998,9.99674,0,0.78597171875,0.541517041682352,0.41916730999946594,0.8495370370370371,0.12827421724796295,0.016952048987150192,0.02836575359106064,0.9361748695373535,MatchingPursuit,10,0.1,1296
SPHERICAL,MatchingPursuit_34,75.22751,9.99958,0,0.70383125,0.5472451090790509,0.3962240219116211,0.875,0.11705411225557327,0.032360658049583435,0.04915062338113785,0.9303159117698669,MatchingPursuit,10,0.5,648
SPHERICAL,MatchingPursuit_35,75.25606,9.90265,0,0.763539375,0.6578465669612849,0.42169106006622314,0.8533950617283951,0.14354316890239716,0.024187622591853142,0.038797859102487564,0.9371002316474915,MatchingPursuit,10,0.5,1296
SPHERICAL,MatchingPursuit_4,75.22316,3.0,0,0.494309375,0.24727488594326374,0.3972950577735901,0.8657407407407407,0.1481442153453827,0.01336749643087387,0.023619050160050392,0.9388960599899292,MatchingPursuit,3,0.5,648
SPHERICAL,MatchingPursuit_5,75.25112,2.95703,24,0.66813171875,0.5654077454228164,0.4140460193157196,0.8171296296296297,0.1857842653989792,0.019569750875234604,0.03007078729569912,0.9419193863868713,MatchingPursuit,3,0.5,1296
SPHERICAL,MatchingPursuit_6,75.23642,4.0,0,0.735355390625,0.38842567037071485,0.3526732921600342,0.8225308641975309,0.17356495559215546,0.020944293588399887,0.03633716329932213,0.9382261037826538,MatchingPursuit,4,0.01,648
SPHERICAL,MatchingPursuit_7,75.297,3.91727,1,0.6537176953125,0.3372943252713958,0.41230499744415283,0.8271604938271605,0.16413414478302002,0.011458250693976879,0.018787037581205368,0.9401966333389282,MatchingPursuit,4,0.01,1296
SPHERICAL,MatchingPursuit_8,75.28604,4.0,0,0.72140984375,0.3770538205827809,0.3538696765899658,0.7962962962962963,0.16076558828353882,0.01795348897576332,0.031455524265766144,0.9378387331962585,MatchingPursuit,4,0.1,648
SPHERICAL,MatchingPursuit_9,75.31196,3.92369,1,0.6217581640625,0.3428542533194744,0.4218681752681732,0.8503086419753086,0.16405470669269562,0.011989557184278965,0.019937505945563316,0.9402413368225098,MatchingPursuit,4,0.1,1296
TORUS,MatchingPursuit_0,1.5641,2.83138,0,0.8222731543298947,0.6684674474404979,0.6622742414474487,1.0,0.24574068188667297,0.7628832459449768,0.36023736000061035,0.996270477771759,MatchingPursuit,3,0.01,648
TORUS,MatchingPursuit_1,1.56202,2.0477,56,0.9871805194700187,0.9725090359276082,0.917885422706604,0.9490740740740741,0.7739419937133789,0.8862277269363403,0.8032072186470032,0.99934983253479,MatchingPursuit,3,0.01,1296
TORUS,MatchingPursuit_10,1.56098,1.10074,0,0.7620597066888624,0.5736196551033181,0.8859213590621948,1.0,0.6080899238586426,0.7166243195533752,0.6398804783821106,0.9988269805908203,MatchingPursuit,4,0.5,648
TORUS,MatchingPursuit_11,1.557,1.00704,69,0.9467220989245688,0.8898747814508811,0.9492419362068176,0.9475308641975309,0.918599545955658,0.5735477209091187,0.7026957869529724,0.9994004964828491,MatchingPursuit,4,0.5,1296
TORUS,MatchingPursuit_12,1.56026,4.64682,0,0.8664690259344712,0.7450942583591054,0.5562049746513367,0.9861111111111112,0.14016617834568024,0.768869936466217,0.23424404859542847,0.9934796094894409,MatchingPursuit,5,0.01,648
TORUS,MatchingPursuit_13,1.56304,2.51905,8,0.9944882612503368,0.9942599964514921,0.9028218388557434,0.9729938271604939,0.7204660773277283,0.917145311832428,0.7735781073570251,0.999062716960907,MatchingPursuit,5,0.01,1296
TORUS,MatchingPursuit_14,1.56117,4.0624,0,0.8357374709048588,0.7430566034507171,0.5650485754013062,0.9891975308641975,0.15532079339027405,0.7524181604385376,0.2551167905330658,0.9943392872810364,MatchingPursuit,5,0.1,648
TORUS,MatchingPursuit_15,1.56008,1.36415,8,0.9849969265941271,0.9883483867804458,0.9825026988983154,0.9822530864197531,0.9443907737731934,0.7615996599197388,0.8383535742759705,0.9995769262313843,MatchingPursuit,5,0.1,1296
TORUS,MatchingPursuit_16,1.56413,1.12076,0,0.7437304346831327,0.5792722835172861,0.8895864486694336,1.0,0.5999846458435059,0.7260094881057739,0.6402797698974609,0.9988194108009338,MatchingPursuit,5,0.5,648
TORUS,MatchingPursuit_17,1.55996,1.00778,59,0.952426034267174,0.8944003037138579,0.9560436010360718,0.9544753086419753,0.9279317855834961,0.5758627653121948,0.7074065208435059,0.9994047284126282,MatchingPursuit,5,0.5,1296
TORUS,MatchingPursuit_18,1.56076,5.53361,0,0.8799167295461895,0.7735609894843584,0.530021071434021,0.9737654320987654,0.11763343960046768,0.7762362360954285,0.20262998342514038,0.9921274781227112,MatchingPursuit,6,0.01,648
TORUS,MatchingPursuit_19,1.56253,2.98627,2,0.9965566636653799,0.9920164215231683,0.8550923466682434,0.9660493827160493,0.6197919249534607,0.9093204736709595,0.6990707516670227,0.9986830353736877,MatchingPursuit,6,0.01,1296
TORUS,MatchingPursuit_2,1.5631,2.54929,0,0.8076648647229284,0.6700701461973795,0.6693348288536072,1.0,0.2635776400566101,0.74793940782547,0.37949904799461365,0.996667742729187,MatchingPursuit,3,0.1,648
TORUS,MatchingPursuit_20,1.55827,4.77952,0,0.8418886582579929,0.7708271723402829,0.5340135097503662,0.9722222222222222,0.13115380704402924,0.7558577656745911,0.22196413576602936,0.9932405352592468,MatchingPursuit,6,0.1,648
TORUS,MatchingPursuit_21,1.56288,1.37955,5,0.9822835494336125,0.9885771478074932,0.976006031036377,0.9814814814814815,0.9406856298446655,0.758937418460846,0.8346755504608154,0.9995605945587158,MatchingPursuit,6,0.1,1296
TORUS,MatchingPursuit_22,1.56015,1.13204,0,0.7436788731046309,0.5811443791482016,0.8889095187187195,1.0,0.5858504772186279,0.7188001275062561,0.6291236281394958,0.9987826943397522,MatchingPursuit,6,0.5,648
TORUS,MatchingPursuit_23,1.55957,1.00505,44,0.9577132081114872,0.9021838697709997,0.9653902649879456,0.9660493827160493,0.9471384882926941,0.5807940363883972,0.7170770168304443,0.9994193911552429,MatchingPursuit,6,0.5,1296
TORUS,MatchingPursuit_24,1.56071,6.44378,0,0.8938838872474625,0.8006011666780154,0.5110405087471008,0.9783950617283951,0.09969056397676468,0.7821764349937439,0.1759815216064453,0.990735650062561,MatchingPursuit,7,0.01,648
TORUS,MatchingPursuit_25,1.55992,3.52581,0,0.9988241332239859,0.9891278943000754,0.804021418094635,0.9483024691358025,0.5316948890686035,0.8936865329742432,0.6272376775741577,0.9982278347015381,MatchingPursuit,7,0.01,1296
TORUS,MatchingPursuit_26,1.55974,5.48253,0,0.8496672045586684,0.7969663463620293,0.5117955207824707,0.9645061728395061,0.11433149129152298,0.7623530626296997,0.19784167408943176,0.9921727776527405,MatchingPursuit,7,0.1,648
TORUS,MatchingPursuit_27,1.56448,1.38808,2,0.9859619508480778,0.9889025691404347,0.9723361730575562,0.9822530864197531,0.9393563270568848,0.7580843567848206,0.8333759903907776,0.9995524883270264,MatchingPursuit,7,0.1,1296
TORUS,MatchingPursuit_28,1.56,1.14998,0,0.7481166076643713,0.5812683602423054,0.8898831605911255,1.0,0.5775105953216553,0.7229328751564026,0.6259607672691345,0.9987636804580688,MatchingPursuit,7,0.5,648
TORUS,MatchingPursuit_29,1.56175,1.00876,46,0.9634066432850616,0.8996319570521089,0.9653672575950623,0.9660493827160493,0.9421091079711914,0.5807697772979736,0.7155489325523376,0.9994177222251892,MatchingPursuit,7,0.5,1296
TORUS,MatchingPursuit_3,1.56192,1.52499,66,0.9759932014001077,0.9642259616515059,0.9297245144844055,0.9467592592592593,0.8255071640014648,0.7411841750144958,0.7674199938774109,0.9994036555290222,MatchingPursuit,3,0.1,1296
TORUS,MatchingPursuit_30,1.55909,9.04605,0,0.9290282773888751,0.854240607862163,0.4735170602798462,0.9444444444444444,0.07157544791698456,0.7935556769371033,0.13084761798381805,0.9867485165596008,MatchingPursuit,10,0.01,648
TORUS,MatchingPursuit_31,1.56216,4.90802,1,0.9970052561017717,0.9815959344340494,0.6908010840415955,0.9205246913580247,0.38096365332603455,0.8621717691421509,0.4902346432209015,0.9970853924751282,MatchingPursuit,10,0.01,1296
TORUS,MatchingPursuit_32,1.5617,7.46409,0,0.8625914414074705,0.8479125236735889,0.48314809799194336,0.941358024691358,0.08427220582962036,0.7714037299156189,0.1513923555612564,0.9891349673271179,MatchingPursuit,10,0.1,648
TORUS,MatchingPursuit_33,1.55975,1.42342,0,0.9870272329702181,0.9882601833427873,0.9695385694503784,0.9868827160493827,0.930237352848053,0.7674931883811951,0.8337145447731018,0.9995454549789429,MatchingPursuit,10,0.1,1296
TORUS,MatchingPursuit_34,1.55975,1.16504,0,0.750005053962846,0.5862136837052426,0.8900336623191833,1.0,0.5646182298660278,0.7214903831481934,0.6182931065559387,0.9987378716468811,MatchingPursuit,10,0.5,648
TORUS,MatchingPursuit_35,1.56029,1.00473,25,0.9537462258047124,0.9117621714743142,0.9797371029853821,0.9807098765432098,0.96830153465271,0.586978554725647,0.7286355495452881,0.9994345903396606,MatchingPursuit,10,0.5,1296
TORUS,MatchingPursuit_4,1.56069,1.07648,0,0.7438227116128476,0.5714038687463314,0.8825446367263794,1.0,0.6200096011161804,0.7109503746032715,0.6437457799911499,0.9988510012626648,MatchingPursuit,3,0.5,648
TORUS,MatchingPursuit_5,1.56149,1.00827,95,0.933254021176851,0.8754187561507882,0.9319780468940735,0.9297839506172839,0.8891991376876831,0.5641824007034302,0.6859991550445557,0.9993783235549927,MatchingPursuit,3,0.5,1296
TORUS,MatchingPursuit_6,1.56452,3.74089,0,0.8555537718221274,0.7084927561945797,0.5988627672195435,0.9938271604938271,0.17580872774124146,0.7628170847892761,0.2808464765548706,0.9948630332946777,MatchingPursuit,4,0.01,648
TORUS,MatchingPursuit_7,1.56179,2.16588,21,0.9904205683005938,0.9924603962220675,0.9397922158241272,0.9753086419753086,0.7912917733192444,0.9201342463493347,0.8254121541976929,0.9993417859077454,MatchingPursuit,4,0.01,1296
TORUS,MatchingPursuit_8,1.55544,3.31314,0,0.8152753714539963,0.7101885997930936,0.6040314435958862,0.9891975308641975,0.1962927132844925,0.7543697357177734,0.3052406907081604,0.9954982995986938,MatchingPursuit,4,0.1,648
TORUS,MatchingPursuit_9,1.56435,1.39634,17,0.9847658816054448,0.9858774797405065,0.9739992022514343,0.9799382716049383,0.9224830865859985,0.7586556673049927,0.8255574703216553,0.9995466470718384,MatchingPursuit,4,0.1,1296
