benchmark,sae,seed,true_l0,sae_l0,dead_latents,shrinkage,explained_variance,mcc,uniqueness,precision,recall,f1_score,accuracy,sae_type,max_iterations
CORRELATED_PAIRS,MatchingPursuit_0,0,8.02959,1.9974,0,0.823366301122614,0.574826105632,0.7665116786956787,0.9537037037037037,0.9328556656837463,0.4222988486289978,0.5696260929107666,0.9881681203842163,MatchingPursuit,2
CORRELATED_PAIRS,MatchingPursuit_1,0,8.03041,2.99353,0,0.9307213134618475,0.7022403349837743,0.7915056347846985,0.9552469135802469,0.871955394744873,0.5654668211936951,0.6707053184509277,0.9893296957015991,MatchingPursuit,3
CORRELATED_PAIRS,MatchingPursuit_2,0,8.01981,3.98489,0,0.9066275041421901,0.779158867461699,0.8010181188583374,0.9521604938271605,0.8072046637535095,0.6773512363433838,0.7139108180999756,0.989372730255127,MatchingPursuit,4
CORRELATED_PAIRS,MatchingPursuit_3,0,8.00615,4.95877,0,0.9551690287112102,0.8242397280734644,0.808728814125061,0.9583333333333334,0.7314786314964294,0.7477940917015076,0.709269106388092,0.9895626306533813,MatchingPursuit,5
CORRELATED_PAIRS,MatchingPursuit_4,0,8.04901,5.88768,0,0.9738905208500642,0.8493866165812396,0.8028338551521301,0.9521604938271605,0.6565070152282715,0.7994362115859985,0.6832951903343201,0.9870975613594055,MatchingPursuit,6
CORRELATED_PAIRS,MatchingPursuit_5,0,8.013,6.75151,0,0.9471730226414337,0.8700961635145937,0.812364935874939,0.9629629629629629,0.6181419491767883,0.8457323908805847,0.6785240769386292,0.9895380139350891,MatchingPursuit,7
CORRELATED_PAIRS,MatchingPursuit_6,0,8.04117,7.61605,0,0.9441270474927942,0.8825370542118857,0.8126876354217529,0.9675925925925926,0.572409987449646,0.8715464472770691,0.6564058065414429,0.9889792799949646,MatchingPursuit,8
CORRELATED_PAIRS,MatchingPursuit_7,0,8.0517,8.55304,0,0.9476508692094536,0.8882936270029209,0.8029286861419678,0.9598765432098766,0.5247669219970703,0.8775752782821655,0.6098372936248779,0.9854943752288818,MatchingPursuit,9
CORRELATED_PAIRS,MatchingPursuit_8,0,8.02751,9.3894,0,0.966400724694099,0.899237973016883,0.8123098611831665,0.9753086419753086,0.4938882291316986,0.8995041251182556,0.600727379322052,0.9885046482086182,MatchingPursuit,10
CORRELATED_PAIRS,MatchingPursuit_9,0,8.04412,10.27001,0,0.9725776064625611,0.9038977097721446,0.8125962018966675,0.9722222222222222,0.4605712294578552,0.9037322998046875,0.5709332823753357,0.9880794882774353,MatchingPursuit,11
DAG_RANDOM_WALK,MatchingPursuit_0,0,8.06071,2.0,0,0.7694659375,0.5707520110415549,0.8711356520652771,0.9490740740740741,0.9427843689918518,0.4328390657901764,0.5782585144042969,0.9928067922592163,MatchingPursuit,2
DAG_RANDOM_WALK,MatchingPursuit_1,0,8.04908,2.99951,0,0.82689953125,0.6669553800894139,0.8863831758499146,0.9429012345679012,0.8805407285690308,0.5951874852180481,0.6885845065116882,0.993890643119812,MatchingPursuit,3
DAG_RANDOM_WALK,MatchingPursuit_2,0,8.06111,3.99326,0,0.8591178125,0.7259503378765898,0.9026615619659424,0.9583333333333334,0.8110671639442444,0.7037438154220581,0.7269315123558044,0.9941509962081909,MatchingPursuit,4
DAG_RANDOM_WALK,MatchingPursuit_3,0,8.0503,4.97513,0,0.877833828125,0.7623300677508682,0.9058933854103088,0.9583333333333334,0.7366554141044617,0.7696722745895386,0.7180886268615723,0.9937914609909058,MatchingPursuit,5
DAG_RANDOM_WALK,MatchingPursuit_4,0,8.05466,5.93559,0,0.889982734375,0.7862792860007239,0.8933515548706055,0.970679012345679,0.6627058982849121,0.8153957724571228,0.6940855383872986,0.9935600161552429,MatchingPursuit,6
DAG_RANDOM_WALK,MatchingPursuit_5,0,8.05544,6.87962,0,0.89804640625,0.8019712577625617,0.885332465171814,0.9753086419753086,0.6132543087005615,0.8406487107276917,0.6679766774177551,0.9928125739097595,MatchingPursuit,7
DAG_RANDOM_WALK,MatchingPursuit_6,0,8.07236,7.81472,0,0.9049228125,0.8141097092933149,0.8697658777236938,0.9691358024691358,0.5706884860992432,0.8448867797851562,0.6303597092628479,0.9914021492004395,MatchingPursuit,8
DAG_RANDOM_WALK,MatchingPursuit_7,0,8.06697,8.67625,0,0.910296875,0.8237325157897377,0.8588581681251526,0.9768518518518519,0.5400086641311646,0.8555809259414673,0.6071775555610657,0.9904597997665405,MatchingPursuit,9
DAG_RANDOM_WALK,MatchingPursuit_8,0,8.06001,9.5041,0,0.9140675,0.8318346417117711,0.835521936416626,0.9722222222222222,0.49594491720199585,0.8557211756706238,0.5701982378959656,0.9891935586929321,MatchingPursuit,10
DAG_RANDOM_WALK,MatchingPursuit_9,0,8.05006,10.39567,0,0.918209765625,0.8395983684193373,0.8273733854293823,0.9768518518518519,0.4706845283508301,0.8616787791252136,0.5482114553451538,0.9880672693252563,MatchingPursuit,11
HIERARCHICAL_PAIRS,MatchingPursuit_0,0,8.00812,1.99495,0,0.8977177779200691,0.6273382831082134,0.7869847416877747,0.941358024691358,0.9753057360649109,0.404096394777298,0.56452876329422,0.9893177151679993,MatchingPursuit,2
HIERARCHICAL_PAIRS,MatchingPursuit_1,0,8.01479,2.98498,0,0.8924901948348789,0.7543846458933561,0.8103883862495422,0.9212962962962963,0.9351695775985718,0.5463669896125793,0.675530731678009,0.9877039790153503,MatchingPursuit,3
HIERARCHICAL_PAIRS,MatchingPursuit_2,0,7.99983,3.96935,0,0.9237587060991654,0.8282336540597603,0.8283433318138123,0.9475308641975309,0.8702185153961182,0.6815213561058044,0.7486018538475037,0.9894060492515564,MatchingPursuit,4
HIERARCHICAL_PAIRS,MatchingPursuit_3,0,7.99077,4.9398,0,0.9707727974785273,0.8706668518022409,0.8253703117370605,0.9444444444444444,0.7904221415519714,0.7545896768569946,0.7466505765914917,0.988998293876648,MatchingPursuit,5
HIERARCHICAL_PAIRS,MatchingPursuit_4,0,8.02936,5.88352,0,0.9747227422852209,0.8919308781781348,0.8227968811988831,0.9429012345679012,0.715976357460022,0.7975667119026184,0.723580002784729,0.987769603729248,MatchingPursuit,6
HIERARCHICAL_PAIRS,MatchingPursuit_5,0,7.99049,6.7883,0,1.0325239708394032,0.9060548584150746,0.8193174600601196,0.9459876543209876,0.6852396130561829,0.8242232799530029,0.7137677669525146,0.9878658652305603,MatchingPursuit,7
HIERARCHICAL_PAIRS,MatchingPursuit_6,0,8.017,7.70665,0,0.9590631778061173,0.9150628160725421,0.817388117313385,0.9521604938271605,0.6680092811584473,0.8507702946662903,0.7127448320388794,0.9876256585121155,MatchingPursuit,8
HIERARCHICAL_PAIRS,MatchingPursuit_7,0,8.03385,8.6504,0,0.9966393309862692,0.9225050196988854,0.8143410682678223,0.9583333333333334,0.6244954466819763,0.8659467101097107,0.6851480007171631,0.9852486848831177,MatchingPursuit,9
HIERARCHICAL_PAIRS,MatchingPursuit_8,0,8.00637,9.50074,0,0.9984966935735023,0.9295157348537884,0.8182232975959778,0.9598765432098766,0.5919554233551025,0.8757150769233704,0.6698081493377686,0.9873470067977905,MatchingPursuit,10
HIERARCHICAL_PAIRS,MatchingPursuit_9,0,8.03194,10.30918,0,0.9967712843165815,0.9330848964180196,0.8099378347396851,0.9614197530864198,0.5439032316207886,0.8833717107772827,0.6303043365478516,0.9858330488204956,MatchingPursuit,11
POWER_LAW_DIGRAPH,MatchingPursuit_0,0,7.93387,2.0,0,0.7053658248287182,0.4510859922172342,0.9078998565673828,0.9984567901234568,0.8856450915336609,0.3877883851528168,0.5323306322097778,0.9950443506240845,MatchingPursuit,2
POWER_LAW_DIGRAPH,MatchingPursuit_1,0,7.97634,2.99931,0,0.7666856403169103,0.5501416044969151,0.9386804103851318,1.0,0.8395876288414001,0.5082584619522095,0.6274291276931763,0.9953576326370239,MatchingPursuit,3
POWER_LAW_DIGRAPH,MatchingPursuit_2,0,7.94993,3.99535,0,0.7988229122099301,0.6173182875031517,0.9409234523773193,0.9984567901234568,0.7756050229072571,0.6106739640235901,0.6776368618011475,0.9954743385314941,MatchingPursuit,4
POWER_LAW_DIGRAPH,MatchingPursuit_3,0,7.94303,4.98409,0,0.8196370980068476,0.6628547624006782,0.9405099153518677,1.0,0.7137041687965393,0.691763699054718,0.6951674818992615,0.9952503442764282,MatchingPursuit,5
POWER_LAW_DIGRAPH,MatchingPursuit_4,0,7.95994,5.97042,0,0.8366198241431307,0.6934479575966774,0.930679976940155,1.0,0.6488277912139893,0.7454603910446167,0.6852285861968994,0.9946089386940002,MatchingPursuit,6
POWER_LAW_DIGRAPH,MatchingPursuit_5,0,7.95533,6.95467,0,0.8461730397851763,0.7163221295980308,0.9196545481681824,1.0,0.5919443964958191,0.786389172077179,0.666271448135376,0.9937639832496643,MatchingPursuit,7
POWER_LAW_DIGRAPH,MatchingPursuit_6,0,7.98995,7.92741,0,0.8500479437053035,0.7338787183178126,0.9097804427146912,1.0,0.5417324304580688,0.814318835735321,0.6405589580535889,0.9927335381507874,MatchingPursuit,8
POWER_LAW_DIGRAPH,MatchingPursuit_7,0,7.96562,8.88755,0,0.8582000294120643,0.7474013624016791,0.9036917090415955,1.0,0.4975837469100952,0.8359021544456482,0.6132524013519287,0.9915828108787537,MatchingPursuit,9
POWER_LAW_DIGRAPH,MatchingPursuit_8,0,7.9368,9.83327,0,0.863162555642705,0.7581562066419905,0.8959590792655945,1.0,0.46161457896232605,0.8467779159545898,0.5853769779205322,0.9902890920639038,MatchingPursuit,10
POWER_LAW_DIGRAPH,MatchingPursuit_9,0,7.9619,10.75107,0,0.8666765282231383,0.7673087211797898,0.8899500370025635,1.0,0.43450653553009033,0.8555390238761902,0.5631974339485168,0.9890469312667847,MatchingPursuit,11
SIMPLICIAL_COMPLEX,MatchingPursuit_0,0,8.0,2.0,0,0.846603203125,0.7090400679658871,0.5442214608192444,0.9907407407407407,0.7868287563323975,0.33168891072273254,0.45985323190689087,0.9941086769104004,MatchingPursuit,2
SIMPLICIAL_COMPLEX,MatchingPursuit_1,0,8.0,2.99947,0,0.865079375,0.7509207074065539,0.7865222692489624,1.0,0.8235499858856201,0.47929251194000244,0.6018434166908264,0.9950674772262573,MatchingPursuit,3
SIMPLICIAL_COMPLEX,MatchingPursuit_2,0,8.0,3.99791,0,0.885256484375,0.783970265932981,0.8493090271949768,1.0,0.8229025602340698,0.6255372166633606,0.7037262320518494,0.995882511138916,MatchingPursuit,4
SIMPLICIAL_COMPLEX,MatchingPursuit_3,0,8.0,4.99644,0,0.898998515625,0.8054210283630586,0.8417582511901855,1.0,0.7633921504020691,0.7183143496513367,0.7298422455787659,0.9958390593528748,MatchingPursuit,5
SIMPLICIAL_COMPLEX,MatchingPursuit_4,0,8.0,5.99245,0,0.908160703125,0.8207912846245596,0.8279830813407898,1.0,0.6987442970275879,0.7749871015548706,0.7194284796714783,0.9952223300933838,MatchingPursuit,6
SIMPLICIAL_COMPLEX,MatchingPursuit_5,0,8.0,6.98001,0,0.91498828125,0.8325986242521676,0.810309886932373,1.0,0.6372359395027161,0.8008935451507568,0.6886382102966309,0.994133472442627,MatchingPursuit,7
SIMPLICIAL_COMPLEX,MatchingPursuit_6,0,8.0,7.9595,0,0.9194221875,0.8406299190399114,0.7952515482902527,0.9969135802469136,0.5839865207672119,0.8175041079521179,0.6559187173843384,0.9928669929504395,MatchingPursuit,8
SIMPLICIAL_COMPLEX,MatchingPursuit_7,0,8.0,8.92273,0,0.92297484375,0.8475100306016192,0.7814949750900269,0.9969135802469136,0.5380739569664001,0.8268545866012573,0.6224769949913025,0.9914935231208801,MatchingPursuit,9
SIMPLICIAL_COMPLEX,MatchingPursuit_8,0,8.0,9.88868,0,0.926449375,0.8543590757473511,0.7747442126274109,0.9907407407407407,0.5039386749267578,0.8347026705741882,0.5973480343818665,0.9901711940765381,MatchingPursuit,10
SIMPLICIAL_COMPLEX,MatchingPursuit_9,0,8.0,10.74937,0,0.928765390625,0.8588573128318819,0.7688865065574646,0.9969135802469136,0.4741365313529968,0.8343002200126648,0.570587694644928,0.9887903332710266,MatchingPursuit,11
SPARSE_UNIFORM,MatchingPursuit_0,0,8.02865,1.99908,0,0.7316735492243527,0.4809634558718048,0.9258258938789368,0.9367283950617284,0.9765975475311279,0.33662229776382446,0.4930329918861389,0.9869738221168518,MatchingPursuit,2
SPARSE_UNIFORM,MatchingPursuit_1,0,8.03176,2.99705,0,0.8080039681349016,0.6067523501589107,0.9465190768241882,0.9398148148148148,0.9324259757995605,0.471075177192688,0.6126740574836731,0.9883963465690613,MatchingPursuit,3
SPARSE_UNIFORM,MatchingPursuit_2,0,8.02549,3.99113,0,0.8515214794525343,0.6890319341990456,0.9618320465087891,0.9537037037037037,0.8837623000144958,0.5905857086181641,0.6911739110946655,0.9888633489608765,MatchingPursuit,4
SPARSE_UNIFORM,MatchingPursuit_3,0,8.04275,4.97851,0,0.8762287490873266,0.7443510034792689,0.9633243083953857,0.9567901234567902,0.8375025391578674,0.681463897228241,0.7295657396316528,0.9895285964012146,MatchingPursuit,5
SPARSE_UNIFORM,MatchingPursuit_4,0,8.0294,5.9397,0,0.8931882226156185,0.778456642081381,0.9536116719245911,0.9444444444444444,0.7997177243232727,0.7334161996841431,0.7386937737464905,0.9891681671142578,MatchingPursuit,6
SPARSE_UNIFORM,MatchingPursuit_5,0,8.00427,6.88294,0,0.8997379814664787,0.7949039275411712,0.9321290850639343,0.933641975308642,0.7271444201469421,0.7573009133338928,0.7050223350524902,0.9874019622802734,MatchingPursuit,7
SPARSE_UNIFORM,MatchingPursuit_6,0,8.02469,7.80624,0,0.908957647800126,0.8124781793698039,0.9251142144203186,0.9475308641975309,0.6741531491279602,0.7865183353424072,0.6850945949554443,0.9887982606887817,MatchingPursuit,8
SPARSE_UNIFORM,MatchingPursuit_7,0,8.04002,8.70959,0,0.9153982852942353,0.8231633771512967,0.9047864675521851,0.9444444444444444,0.6072778105735779,0.796892523765564,0.6375055909156799,0.9872738122940063,MatchingPursuit,9
SPARSE_UNIFORM,MatchingPursuit_8,0,8.02932,9.53139,0,0.919188241993719,0.8312034593201428,0.8947808742523193,0.941358024691358,0.5755279660224915,0.7995389699935913,0.6162382364273071,0.987575113773346,MatchingPursuit,10
SPARSE_UNIFORM,MatchingPursuit_9,0,8.03574,10.3312,0,0.9233402930586118,0.8387674399799355,0.8769740462303162,0.9429012345679012,0.5351288318634033,0.8019982576370239,0.581230878829956,0.9848912358283997,MatchingPursuit,11
SPHERICAL,MatchingPursuit_0,0,8.08018,1.99277,0,0.8692090473235377,0.8088186261933152,0.771097719669342,1.0,0.9476771354675293,0.46454107761383057,0.6173837184906006,0.9964802861213684,MatchingPursuit,2
SPHERICAL,MatchingPursuit_1,0,8.06349,2.97504,0,0.9038723676045202,0.8641983880496479,0.7975663542747498,1.0,0.8871963024139404,0.6475688815116882,0.7433816194534302,0.997244656085968,MatchingPursuit,3
SPHERICAL,MatchingPursuit_2,0,8.04369,3.97373,0,0.9247676003733659,0.8924951105390908,0.8037490248680115,1.0,0.8005679845809937,0.7752376198768616,0.7826829552650452,0.9972941279411316,MatchingPursuit,4
SPHERICAL,MatchingPursuit_3,0,8.05726,4.97563,0,0.9362549551533595,0.9081168005997654,0.801226019859314,1.0,0.7088134288787842,0.8548849821090698,0.770164966583252,0.9967395067214966,MatchingPursuit,5
SPHERICAL,MatchingPursuit_4,0,8.04026,5.97399,0,0.9428639086868607,0.9167543914715237,0.7934221029281616,1.0,0.6228079795837402,0.8958873152732849,0.7292327880859375,0.9957032203674316,MatchingPursuit,6
SPHERICAL,MatchingPursuit_5,0,8.07052,6.94717,0,0.9466796327709059,0.921500514456003,0.787765622138977,1.0,0.5604879856109619,0.9156482815742493,0.6879178285598755,0.9944620728492737,MatchingPursuit,7
SPHERICAL,MatchingPursuit_6,0,8.05677,7.86624,0,0.9496685734017957,0.9257574052494475,0.7803307175636292,1.0,0.5137705206871033,0.9250907301902771,0.6512766480445862,0.993148684501648,MatchingPursuit,8
SPHERICAL,MatchingPursuit_7,0,8.05816,8.76508,0,0.9520784435647727,0.9291412775530924,0.7767316102981567,0.9984567901234568,0.47320079803466797,0.929565966129303,0.6165469884872437,0.9918217658996582,MatchingPursuit,9
SPHERICAL,MatchingPursuit_8,0,8.07417,9.59379,0,0.953388709120394,0.9316893997915515,0.7731990814208984,1.0,0.4440712034702301,0.9306657314300537,0.5892115831375122,0.9905681610107422,MatchingPursuit,10
SPHERICAL,MatchingPursuit_9,0,8.06604,10.4217,0,0.9537930097235567,0.933750693228694,0.7679422497749329,1.0,0.4166874885559082,0.9323362112045288,0.5634137988090515,0.9893063902854919,MatchingPursuit,11
TORUS,MatchingPursuit_0,0,8.0016,1.99447,0,0.8622605940044411,0.7990563118816818,0.7728592753410339,0.9984567901234568,0.9438480138778687,0.46786922216415405,0.6200048923492432,0.9965201616287231,MatchingPursuit,2
TORUS,MatchingPursuit_1,0,7.9912,2.97967,0,0.8985719907824191,0.8563486996497749,0.7977696061134338,1.0,0.8789833784103394,0.6486346125602722,0.7417334318161011,0.9972313642501831,MatchingPursuit,3
TORUS,MatchingPursuit_2,0,7.99836,3.97551,0,0.9188237037148173,0.8839855937171847,0.8008349537849426,1.0,0.7900748252868652,0.7708684206008911,0.7752756476402283,0.9972107410430908,MatchingPursuit,4
TORUS,MatchingPursuit_3,0,7.99042,4.97936,0,0.9301524646408066,0.8998170686874548,0.7972316145896912,1.0,0.696103036403656,0.848693311214447,0.7601072192192078,0.9966180324554443,MatchingPursuit,5
TORUS,MatchingPursuit_4,0,8.00159,5.9674,0,0.9372065819413883,0.9087330771954242,0.7925605177879333,1.0,0.613589882850647,0.8888741731643677,0.7204456925392151,0.9955889582633972,MatchingPursuit,6
TORUS,MatchingPursuit_5,0,7.99218,6.94441,0,0.9405512315578894,0.9141061736971524,0.7852920293807983,1.0,0.5476784706115723,0.9076927900314331,0.6762351393699646,0.9943093061447144,MatchingPursuit,7
TORUS,MatchingPursuit_6,0,8.00043,7.90403,0,0.9438532675554845,0.9189659517145645,0.7792064547538757,1.0,0.49873805046081543,0.917483925819397,0.6375970244407654,0.9929590225219727,MatchingPursuit,8
TORUS,MatchingPursuit_7,0,8.00324,8.83869,0,0.9458778258477544,0.9223351499180901,0.7706764340400696,1.0,0.46553558111190796,0.9192203283309937,0.6067631840705872,0.9915305972099304,MatchingPursuit,9
TORUS,MatchingPursuit_8,0,8.00048,9.65834,0,0.9484003340868626,0.9258225921918639,0.7691424489021301,1.0,0.43355315923690796,0.9245668649673462,0.5789118409156799,0.9903356432914734,MatchingPursuit,10
TORUS,MatchingPursuit_9,0,7.99951,10.49872,0,0.9500607657991078,0.9276217172743951,0.7626438736915588,0.9984567901234568,0.41004717350006104,0.9242162704467773,0.555767834186554,0.989034116268158,MatchingPursuit,11
