benchmark,sae,seed,true_l0,sae_l0,dead_latents,shrinkage,explained_variance,mcc,uniqueness,precision,recall,f1_score,accuracy,sae_type,k,widths
CORRELATED_PAIRS,Matryoshka_0,0,8.02959,1.99642,107,0.8471051961059957,0.6041675453675037,0.715825617313385,0.8765432098765432,0.80177903175354,0.4167015254497528,0.5405552983283997,0.9859404563903809,Matryoshka,2,3-level
CORRELATED_PAIRS,Matryoshka_1,0,8.03041,3.0083,70,1.0382435640344356,0.7347723788077759,0.7522552013397217,0.9444444444444444,0.8320583701133728,0.5749413967132568,0.6718490719795227,0.990297794342041,Matryoshka,3,3-level
CORRELATED_PAIRS,Matryoshka_2,0,8.01981,3.9897,0,0.9071510832454687,0.8208508546457182,0.8156783580780029,0.9891975308641975,0.9202228784561157,0.7234383821487427,0.7974626421928406,0.9958860874176025,Matryoshka,4,3-level
CORRELATED_PAIRS,Matryoshka_3,0,8.00615,4.97683,0,0.972907907889053,0.8482000100776272,0.8140489459037781,0.9830246913580247,0.8513625264167786,0.7912558913230896,0.8112519979476929,0.9959626197814941,Matryoshka,5,3-level
CORRELATED_PAIRS,Matryoshka_4,0,8.04901,6.01183,0,1.013685599577377,0.8597895519992262,0.8112185597419739,0.9768518518518519,0.72802734375,0.8217006921768188,0.7632312774658203,0.9953942894935608,Matryoshka,6,3-level
CORRELATED_PAIRS,Matryoshka_5,0,8.013,6.95816,0,0.9388960982702508,0.8636468826168894,0.8035775423049927,0.9783950617283951,0.6343061923980713,0.8349398374557495,0.7089178562164307,0.9944449663162231,Matryoshka,7,3-level
CORRELATED_PAIRS,Matryoshka_6,0,8.04117,8.0214,0,0.9225875739407269,0.8654794750729214,0.7978619337081909,0.970679012345679,0.5626524090766907,0.8461130261421204,0.6608854532241821,0.9932098388671875,Matryoshka,8,3-level
CORRELATED_PAIRS,Matryoshka_7,0,8.0517,9.05069,0,0.9270310680257424,0.8656682081563362,0.7937735915184021,0.9567901234567902,0.5317900776863098,0.8407732248306274,0.6330023407936096,0.991339385509491,Matryoshka,9,3-level
CORRELATED_PAIRS,Matryoshka_8,0,8.02751,10.05447,0,0.9522792514717405,0.8659985144127165,0.7815667390823364,0.9444444444444444,0.5039541721343994,0.8260598182678223,0.6050847172737122,0.9894664287567139,Matryoshka,10,3-level
CORRELATED_PAIRS,Matryoshka_9,0,8.04412,10.98487,0,0.9643287034712669,0.8675596370760306,0.7762643098831177,0.9367283950617284,0.4747729003429413,0.8259936571121216,0.5805129408836365,0.9881979823112488,Matryoshka,11,3-level
DAG_RANDOM_WALK,Matryoshka_0,0,8.06071,2.00634,1,0.6476978515625,0.6344839122056298,0.9302905201911926,0.9922839506172839,0.9799088835716248,0.4660530686378479,0.6245740056037903,0.995018482208252,Matryoshka,2,3-level
DAG_RANDOM_WALK,Matryoshka_1,0,8.04908,3.01007,0,0.7577703125,0.7150928412499138,0.9422878623008728,0.9922839506172839,0.9631386995315552,0.614456295967102,0.7455533146858215,0.9958868026733398,Matryoshka,3,3-level
DAG_RANDOM_WALK,Matryoshka_2,0,8.06111,3.99469,0,0.811096328125,0.7507435159143755,0.9281111359596252,0.9938271604938271,0.8573968410491943,0.700006365776062,0.7636128664016724,0.9960815906524658,Matryoshka,4,3-level
DAG_RANDOM_WALK,Matryoshka_3,0,8.0503,4.99905,0,0.829238828125,0.7655441657595279,0.913527250289917,0.9922839506172839,0.7194141745567322,0.7396827340126038,0.7171955704689026,0.9955283999443054,Matryoshka,5,3-level
DAG_RANDOM_WALK,Matryoshka_4,0,8.05466,5.98266,0,0.83901046875,0.7765179449027808,0.9049805402755737,0.9907407407407407,0.6170124411582947,0.7507556676864624,0.6615118980407715,0.9942547678947449,Matryoshka,6,3-level
DAG_RANDOM_WALK,Matryoshka_5,0,8.05544,6.99805,0,0.84350859375,0.78346903072383,0.8934721946716309,0.9876543209876543,0.5462563633918762,0.7541318535804749,0.6124187707901001,0.9924108982086182,Matryoshka,7,3-level
DAG_RANDOM_WALK,Matryoshka_6,0,8.07236,7.99328,0,0.84697734375,0.7896102980458666,0.8842658400535583,0.9876543209876543,0.5190176367759705,0.7527419924736023,0.5899566411972046,0.9907087087631226,Matryoshka,8,3-level
DAG_RANDOM_WALK,Matryoshka_7,0,8.06697,8.9736,0,0.849761328125,0.7925966102681445,0.8743141293525696,0.9737654320987654,0.47547683119773865,0.7499232292175293,0.5569578409194946,0.9890709519386292,Matryoshka,9,3-level
DAG_RANDOM_WALK,Matryoshka_8,0,8.06001,10.02035,0,0.851614140625,0.7961308161413363,0.8691651225090027,0.9691358024691358,0.45774295926094055,0.7512803077697754,0.5397078990936279,0.9874556660652161,Matryoshka,10,3-level
DAG_RANDOM_WALK,Matryoshka_9,0,8.05006,10.97231,0,0.855126875,0.7989147850949654,0.8619993329048157,0.9753086419753086,0.45638248324394226,0.753658652305603,0.5374122262001038,0.986336886882782,Matryoshka,11,3-level
HIERARCHICAL_PAIRS,Matryoshka_0,0,8.00812,1.99745,105,1.1577112586755858,0.6640026708946328,0.7401646375656128,0.8796296296296297,0.8257779479026794,0.3835749328136444,0.51768958568573,0.9811050891876221,Matryoshka,2,3-level
HIERARCHICAL_PAIRS,Matryoshka_1,0,8.01479,3.00586,97,0.862756965654607,0.7839212543216854,0.7628344297409058,0.9629629629629629,0.8343052864074707,0.5343525409698486,0.6491595506668091,0.9922040104866028,Matryoshka,3,3-level
HIERARCHICAL_PAIRS,Matryoshka_2,0,7.99983,3.98568,0,0.9149916422703398,0.8647089651041562,0.8416270613670349,0.9891975308641975,0.9219368696212769,0.6773442625999451,0.777174174785614,0.9952293634414673,Matryoshka,4,3-level
HIERARCHICAL_PAIRS,Matryoshka_3,0,7.99077,4.9854,0,0.9981275742126676,0.8928465920420845,0.8421589732170105,0.9891975308641975,0.8736281991004944,0.7592726349830627,0.8092234134674072,0.9958721399307251,Matryoshka,5,3-level
HIERARCHICAL_PAIRS,Matryoshka_4,0,8.02936,6.00929,0,0.9863139687945469,0.902200311523806,0.838247537612915,0.9814814814814815,0.7624794244766235,0.7895612120628357,0.769180953502655,0.9952818155288696,Matryoshka,6,3-level
HIERARCHICAL_PAIRS,Matryoshka_5,0,7.99049,6.97382,0,1.063141184633546,0.9067172935242678,0.8364348411560059,0.9768518518518519,0.6775124073028564,0.8072165846824646,0.7258087992668152,0.9942330121994019,Matryoshka,7,3-level
HIERARCHICAL_PAIRS,Matryoshka_6,0,8.017,8.03755,0,0.9384787394814532,0.9035374132440539,0.8208932876586914,0.9675925925925926,0.6247521638870239,0.7922664880752563,0.6812219619750977,0.992031991481781,Matryoshka,8,3-level
HIERARCHICAL_PAIRS,Matryoshka_7,0,8.03385,9.08954,0,0.9873741455899635,0.9030836386156572,0.8094663619995117,0.9567901234567902,0.5845006108283997,0.7826519012451172,0.6526034474372864,0.9904871582984924,Matryoshka,9,3-level
HIERARCHICAL_PAIRS,Matryoshka_8,0,8.00637,9.953,0,0.9745655213680795,0.9016685138545476,0.7935039401054382,0.9429012345679012,0.5484758615493774,0.770552933216095,0.6176801919937134,0.9887986183166504,Matryoshka,10,3-level
HIERARCHICAL_PAIRS,Matryoshka_9,0,8.03194,10.98755,0,0.9725676098180832,0.9013238742048292,0.7854116559028625,0.9320987654320988,0.5354489684104919,0.763140857219696,0.6050673723220825,0.9871899485588074,Matryoshka,11,3-level
POWER_LAW_DIGRAPH,Matryoshka_0,0,7.93387,1.99861,3,0.6268308605379063,0.525758736724748,0.9490169882774353,0.9984567901234568,0.9936748743057251,0.4172774851322174,0.5854241251945496,0.9955927729606628,Matryoshka,2,3-level
POWER_LAW_DIGRAPH,Matryoshka_1,0,7.97634,3.01168,0,0.7336866943496204,0.6265376228267576,0.959582507610321,1.0,0.9855619668960571,0.5994048714637756,0.7439281940460205,0.9968484044075012,Matryoshka,3,3-level
POWER_LAW_DIGRAPH,Matryoshka_2,0,7.94993,3.98768,0,0.7765755200374875,0.6700764548840374,0.9426122903823853,1.0,0.9002722501754761,0.7129673957824707,0.7914494872093201,0.9971649646759033,Matryoshka,4,3-level
POWER_LAW_DIGRAPH,Matryoshka_3,0,7.94303,4.99688,0,0.7881071930789925,0.6894526805436694,0.9278832077980042,1.0,0.784539520740509,0.7612128257751465,0.7649995684623718,0.9964089393615723,Matryoshka,5,3-level
POWER_LAW_DIGRAPH,Matryoshka_4,0,7.95994,5.97549,0,0.7926345926559889,0.6943014848851297,0.9123243093490601,1.0,0.6886158585548401,0.7805562615394592,0.7194923162460327,0.9952032566070557,Matryoshka,6,3-level
POWER_LAW_DIGRAPH,Matryoshka_5,0,7.95533,6.9725,0,0.7959306721136894,0.7007152579025717,0.9094889163970947,0.9984567901234568,0.6256353855133057,0.7949613332748413,0.6837201714515686,0.9938932657241821,Matryoshka,7,3-level
POWER_LAW_DIGRAPH,Matryoshka_6,0,7.98995,8.06336,0,0.7933268952089403,0.7044686589543427,0.9018793702125549,0.9984567901234568,0.5721492767333984,0.8020300269126892,0.647853672504425,0.9923614859580994,Matryoshka,8,3-level
POWER_LAW_DIGRAPH,Matryoshka_7,0,7.96562,8.97938,0,0.794272477947318,0.7069108480045937,0.9003793001174927,0.9984567901234568,0.5438365936279297,0.8096173405647278,0.6268011927604675,0.9910445809364319,Matryoshka,9,3-level
POWER_LAW_DIGRAPH,Matryoshka_8,0,7.9368,9.93643,0,0.7945826828951523,0.7085417341429197,0.8919781446456909,0.9922839506172839,0.5209924578666687,0.8111616373062134,0.6063877940177917,0.9895974397659302,Matryoshka,10,3-level
POWER_LAW_DIGRAPH,Matryoshka_9,0,7.9619,11.01702,0,0.795516650124701,0.7121553866735162,0.8908843398094177,0.9969135802469136,0.4982881546020508,0.8133223652839661,0.5879485011100769,0.9879864454269409,Matryoshka,11,3-level
SIMPLICIAL_COMPLEX,Matryoshka_0,0,8.0,1.99942,88,0.826825625,0.6599393262375751,0.5857352018356323,0.9351851851851852,0.7666234970092773,0.3478451371192932,0.46939530968666077,0.9949544072151184,Matryoshka,2,3-level
SIMPLICIAL_COMPLEX,Matryoshka_1,0,8.0,2.99501,0,0.883843203125,0.7365352053082637,0.7831709384918213,0.9984567901234568,0.9003068804740906,0.5201458930969238,0.6486716270446777,0.9959325194358826,Matryoshka,3,3-level
SIMPLICIAL_COMPLEX,Matryoshka_2,0,8.0,4.00605,0,0.90107359375,0.7624338465644258,0.8132429122924805,0.9984567901234568,0.856826663017273,0.642464280128479,0.7192620635032654,0.9963802099227905,Matryoshka,4,3-level
SIMPLICIAL_COMPLEX,Matryoshka_3,0,8.0,4.99921,0,0.90908828125,0.7744682323279042,0.7861607670783997,0.9922839506172839,0.7715028524398804,0.6947797536849976,0.7093702554702759,0.9957119226455688,Matryoshka,5,3-level
SIMPLICIAL_COMPLEX,Matryoshka_4,0,8.0,5.99298,0,0.911859453125,0.7814641751765795,0.7577011585235596,0.9722222222222222,0.695848286151886,0.7228282690048218,0.6821582913398743,0.9946188926696777,Matryoshka,6,3-level
SIMPLICIAL_COMPLEX,Matryoshka_5,0,8.0,6.98109,0,0.9134890625,0.7862218634036627,0.7438009977340698,0.9691358024691358,0.6260913014411926,0.7443698644638062,0.6504600644111633,0.9933796525001526,Matryoshka,7,3-level
SIMPLICIAL_COMPLEX,Matryoshka_6,0,8.0,8.02184,0,0.91607640625,0.7900809207036316,0.7278560996055603,0.970679012345679,0.5704330801963806,0.7568458318710327,0.6168256402015686,0.9919737577438354,Matryoshka,8,3-level
SIMPLICIAL_COMPLEX,Matryoshka_7,0,8.0,8.96598,0,0.916173515625,0.7928997052192661,0.7132178544998169,0.9552469135802469,0.5265636444091797,0.7609292268753052,0.5885569453239441,0.9905692338943481,Matryoshka,9,3-level
SIMPLICIAL_COMPLEX,Matryoshka_8,0,8.0,9.98585,0,0.916734765625,0.7946523436017726,0.6855150461196899,0.9305555555555556,0.48398420214653015,0.7537041902542114,0.5542330145835876,0.9888802170753479,Matryoshka,10,3-level
SIMPLICIAL_COMPLEX,Matryoshka_9,0,8.0,11.00049,0,0.91797046875,0.7955846864049761,0.6786717772483826,0.9243827160493827,0.45940425992012024,0.7585757374763489,0.5339576601982117,0.9873161911964417,Matryoshka,11,3-level
SPARSE_UNIFORM,Matryoshka_0,0,8.02865,2.00285,79,0.6859536124363629,0.5117242325322662,0.9027824997901917,0.9490740740740741,0.8765266537666321,0.33106714487075806,0.47588422894477844,0.9887288212776184,Matryoshka,2,3-level
SPARSE_UNIFORM,Matryoshka_1,0,8.03176,2.99118,20,0.7883219908935429,0.6524422211352334,0.9764313697814941,0.9953703703703703,0.9690492153167725,0.49330347776412964,0.653048038482666,0.9932863116264343,Matryoshka,3,3-level
SPARSE_UNIFORM,Matryoshka_2,0,8.02549,3.99912,0,0.8501907728927471,0.7369086611223387,0.9980226755142212,1.0,0.997615396976471,0.6425925493240356,0.7811847925186157,0.996026337146759,Matryoshka,4,3-level
SPARSE_UNIFORM,Matryoshka_3,0,8.04275,5.00106,0,0.8767125910172933,0.7742400733500252,0.9978174567222595,0.9984567901234568,0.9474414587020874,0.7482666969299316,0.8355637788772583,0.9970840811729431,Matryoshka,5,3-level
SPARSE_UNIFORM,Matryoshka_4,0,8.0294,5.97909,0,0.8850472325572092,0.7896322853260409,0.9926341772079468,0.9922839506172839,0.795556902885437,0.7824025750160217,0.7841866612434387,0.9965751767158508,Matryoshka,6,3-level
SPARSE_UNIFORM,Matryoshka_5,0,8.00427,6.95497,0,0.8896773199407888,0.7999821306557071,0.9833375215530396,0.9783950617283951,0.7042731046676636,0.779532790184021,0.7313770651817322,0.9947425127029419,Matryoshka,7,3-level
SPARSE_UNIFORM,Matryoshka_6,0,8.02469,8.01907,0,0.8953270493483892,0.8083112798532572,0.9685540795326233,0.9660493827160493,0.6341385841369629,0.7743237614631653,0.6826397776603699,0.9932132959365845,Matryoshka,8,3-level
SPARSE_UNIFORM,Matryoshka_7,0,8.04002,9.02831,0,0.8998503257890947,0.8139418351622351,0.9602689743041992,0.9521604938271605,0.5899201035499573,0.7677402496337891,0.649734616279602,0.9913974404335022,Matryoshka,9,3-level
SPARSE_UNIFORM,Matryoshka_8,0,8.02932,9.99726,0,0.9023056970365259,0.8172388106319025,0.9448190331459045,0.9305555555555556,0.5643433332443237,0.7521959543228149,0.6244557499885559,0.9891760349273682,Matryoshka,10,3-level
SPARSE_UNIFORM,Matryoshka_9,0,8.03574,11.03224,0,0.9037666908381676,0.8195434682802605,0.9333169460296631,0.9151234567901234,0.5292397141456604,0.7374710440635681,0.5943211913108826,0.9872132539749146,Matryoshka,11,3-level
SPHERICAL,Matryoshka_0,0,8.08018,1.99918,101,0.8257614192557152,0.7827303131132852,0.675442636013031,0.8966049382716049,0.7832730412483215,0.44773051142692566,0.5552974939346313,0.9962538480758667,Matryoshka,2,3-level
SPHERICAL,Matryoshka_1,0,8.06349,2.98778,0,0.8904087094255773,0.8430757011935889,0.7482007145881653,0.9953703703703703,0.8765758275985718,0.6142247319221497,0.6961089968681335,0.9968097805976868,Matryoshka,3,3-level
SPHERICAL,Matryoshka_2,0,8.04369,3.97763,0,0.8998846213038778,0.8556761140227586,0.7238592505455017,0.9984567901234568,0.792484700679779,0.7043566107749939,0.7148845195770264,0.9963990449905396,Matryoshka,4,3-level
SPHERICAL,Matryoshka_3,0,8.05726,5.00264,0,0.8994252460058461,0.8629760940379891,0.7022178769111633,0.9814814814814815,0.6829812526702881,0.7374193072319031,0.6771848797798157,0.9952293634414673,Matryoshka,5,3-level
SPHERICAL,Matryoshka_4,0,8.04026,5.97124,0,0.8960585109311497,0.8654942090335872,0.6866594552993774,0.9629629629629629,0.5962336659431458,0.7491884827613831,0.6317009329795837,0.9938793182373047,Matryoshka,6,3-level
SPHERICAL,Matryoshka_5,0,8.07052,7.00635,0,0.8934757603278491,0.8659908443844164,0.669590413570404,0.9583333333333334,0.5381565093994141,0.7630668878555298,0.5973496437072754,0.9924619793891907,Matryoshka,7,3-level
SPHERICAL,Matryoshka_6,0,8.05677,7.97954,0,0.8930739472920357,0.8690333443348652,0.6673053503036499,0.9537037037037037,0.4741753935813904,0.7720028162002563,0.5574092268943787,0.99107426404953,Matryoshka,8,3-level
SPHERICAL,Matryoshka_7,0,8.05816,9.00343,0,0.8926158343425649,0.8701122527809642,0.6620084047317505,0.9614197530864198,0.43345892429351807,0.7775807976722717,0.5268797874450684,0.9895655512809753,Matryoshka,9,3-level
SPHERICAL,Matryoshka_8,0,8.07417,10.00192,0,0.8888015593561368,0.8699550805262428,0.6511827111244202,0.9475308641975309,0.4059827923774719,0.7851601243019104,0.5048767328262329,0.9881190657615662,Matryoshka,10,3-level
SPHERICAL,Matryoshka_9,0,8.06604,11.01495,0,0.8851576887661142,0.8702756541403469,0.6442679762840271,0.9459876543209876,0.381389856338501,0.7853838205337524,0.48195788264274597,0.9865532517433167,Matryoshka,11,3-level
TORUS,Matryoshka_0,0,8.0016,2.00302,100,0.8186998932222378,0.7742586312847582,0.6735033392906189,0.9120370370370371,0.7782851457595825,0.450395405292511,0.5573622584342957,0.99629145860672,Matryoshka,2,3-level
TORUS,Matryoshka_1,0,7.9912,2.98514,0,0.8865190847187212,0.8364376672839671,0.7574751377105713,1.0,0.8764733076095581,0.6186920404434204,0.7009248733520508,0.9968560338020325,Matryoshka,3,3-level
TORUS,Matryoshka_2,0,7.99836,3.99413,0,0.8962789001080238,0.8494563067908412,0.7300258874893188,0.9969135802469136,0.7765589356422424,0.7000826001167297,0.7063074707984924,0.9963047504425049,Matryoshka,4,3-level
TORUS,Matryoshka_3,0,7.99042,4.98897,0,0.8927652439634305,0.8549557185129153,0.7100005745887756,0.9891975308641975,0.6819952130317688,0.7432058453559875,0.6798328161239624,0.9953011274337769,Matryoshka,5,3-level
TORUS,Matryoshka_4,0,8.00159,5.99114,0,0.8892653530706142,0.8580873859132101,0.6994746327400208,0.9799382716049383,0.5998630523681641,0.7578651905059814,0.6369255781173706,0.9939362406730652,Matryoshka,6,3-level
TORUS,Matryoshka_5,0,7.99218,7.01115,0,0.8869367341835459,0.8593857341575128,0.6860644817352295,0.9691358024691358,0.5285821557044983,0.7595055103302002,0.5897047519683838,0.9923839569091797,Matryoshka,7,3-level
TORUS,Matryoshka_6,0,8.00043,7.99716,0,0.8824781462848684,0.8592872762485304,0.6808866262435913,0.9722222222222222,0.4879513084888458,0.7730588912963867,0.5636914968490601,0.9910269975662231,Matryoshka,8,3-level
TORUS,Matryoshka_7,0,8.00324,9.04702,0,0.8824088632839852,0.8609437146332375,0.6714248061180115,0.9567901234567902,0.43429648876190186,0.7703506946563721,0.5234725475311279,0.989375650882721,Matryoshka,9,3-level
TORUS,Matryoshka_8,0,8.00048,10.03512,0,0.8822819714375738,0.8623693936947879,0.6627907752990723,0.9629629629629629,0.4052208364009857,0.7833724617958069,0.5019286870956421,0.9880133867263794,Matryoshka,10,3-level
TORUS,Matryoshka_9,0,7.99951,11.00503,0,0.8821948394082462,0.8624348991680779,0.6584758162498474,0.9490740740740741,0.3801044523715973,0.7776108384132385,0.47951799631118774,0.9864454865455627,Matryoshka,11,3-level
